stratum,value,method,n_target_rows,pedestal_mae_adc,pedestal_rmse_adc,pedestal_bias_adc,pedestal_q05_adc,pedestal_q95_adc,n_pair_rows,timing_sigma68_shift_ns,timing_full_rms_shift_ns,timing_tail_gt0p5_fraction,timing_tail_gt5_fraction,timing_shift_bias_ns
target_sample,0,gradient_boosted_trees,125096.0,46.71719116795154,287.11216628490985,-2.2176279005801964,-94.60554477977371,54.77441424965248,,,,,,
target_sample,1,gradient_boosted_trees,125096.0,37.70405189870626,202.4909329412946,-0.7984960241416453,-43.968396429546004,99.06029042692015,,,,,,
target_sample,2,gradient_boosted_trees,125096.0,43.29064087957587,221.0430680333047,5.761088713497546,-81.32757306933354,123.87327755181767,,,,,,
target_sample,3,gradient_boosted_trees,125096.0,79.65537298784979,322.26865807617975,-4.333813572089551,-257.8129071605165,157.29070351939015,,,,,,
target_sample,0,mlp,125096.0,75.32119831523225,312.9442307222381,-4.724782270086396,-207.22793270465064,99.99338559769963,,,,,,
target_sample,1,mlp,125096.0,86.14012161870066,302.0395096947014,17.97900691632555,-55.05881004600438,324.7710451019989,,,,,,
target_sample,2,mlp,125096.0,152.05823820854252,425.2649755204827,-11.336269351662079,-445.91949106514755,509.16805452567496,,,,,,
target_sample,3,mlp,125096.0,145.3710299297106,408.6849307402808,0.02564325430912322,-428.20138226258507,308.24429959238677,,,,,,
target_sample,0,one_dimensional_cnn,125096.0,80.46079766526888,322.8431863519768,0.3747029124932753,-176.20072456189033,75.21630045557075,,,,,,
target_sample,1,one_dimensional_cnn,125096.0,91.22854901580745,302.414541255957,5.436733301948312,-65.35018432013693,319.2798546998421,,,,,,
target_sample,2,one_dimensional_cnn,125096.0,159.0087215998565,465.60301438591864,-28.371907691367298,-509.43192663896696,466.80857077153036,,,,,,
target_sample,3,one_dimensional_cnn,125096.0,195.3892142968251,559.4433664088455,-76.57463147530804,-909.2068771917936,188.92619203638424,,,,,,
target_sample,0,ridge,125096.0,150.66694387800624,402.26749898531983,-44.52837292749153,-300.64104750733713,136.16155967329072,,,,,,
target_sample,1,ridge,125096.0,134.01392645573216,326.48153530135755,44.176575056378105,-108.92625274142705,482.22089636979865,,,,,,
target_sample,2,ridge,125096.0,205.1443600030177,476.4147390605616,57.52568907453363,-417.1609153195686,567.3440458884677,,,,,,
target_sample,3,ridge,125096.0,291.4249041785937,641.2328948877617,-49.59358423259643,-1163.1542872594805,255.90922420017512,,,,,,
target_sample,0,target_masked_residual_cnn,125096.0,72.83523728376636,298.20972011405433,16.707521749831898,-106.48226626226003,113.11039697751539,,,,,,
target_sample,1,target_masked_residual_cnn,125096.0,60.073374768113425,222.91309719396907,-10.366256009526825,-107.23117797160549,95.07433266318971,,,,,,
target_sample,2,target_masked_residual_cnn,125096.0,70.19259607622617,244.07948953186283,-1.542203782114724,-121.66637856422832,131.44480814132055,,,,,,
target_sample,3,target_masked_residual_cnn,125096.0,81.14280991260064,298.92802294489485,-4.382972622437879,-161.34682039536213,167.40425905461257,,,,,,
target_sample,0,traditional_line3,125096.0,211.71791530771037,633.6054585281186,-129.5958383961118,-1156.3333333333335,27.0,,,,,,
target_sample,1,traditional_line3,125096.0,95.18129961903543,309.0976871379852,65.06795809389816,-11.714285714285714,552.3571428571428,,,,,,
target_sample,2,traditional_line3,125096.0,127.87730679980632,402.8128899086671,36.487304607204536,-123.42857142857156,549.0,,,,,,
target_sample,3,traditional_line3,125096.0,239.47204013983924,722.8655435938796,-107.36644123979451,-1154.6666666666665,51.0,,,,,,
target_sample,0,traditional_mean3,125096.0,287.84822323122506,818.9813493937369,255.47077444522606,-22.0,1963.75,,,,,,
target_sample,1,traditional_mean3,125096.0,185.25034107139052,521.3153739333679,163.16646415552856,-13.0,1203.3333333333333,,,,,,
target_sample,2,traditional_mean3,125096.0,140.70092835369104,480.79735637969185,-68.38155230116604,-757.0,230.08333333333331,,,,,,
target_sample,3,traditional_mean3,125096.0,383.1415392978193,993.1098939741679,-350.2556862995886,-2443.0833333333335,21.666666666666668,,,,,,
target_sample,0,traditional_median3,125096.0,274.79531719639317,891.1001649404859,239.8830098484364,-23.0,1978.0,,,,,,
target_sample,1,traditional_median3,125096.0,193.36679030504573,622.8557278680651,169.07362345718488,-15.0,1353.0,,,,,,
target_sample,2,traditional_median3,125096.0,197.0258441516915,637.1684381487645,-175.08758873185394,-1395.0,16.0,,,,,,
target_sample,3,traditional_median3,125096.0,419.38261814926136,1110.0658624027253,-385.65918974227793,-2729.0,23.0,,,,,,
target_sample,0,traditional_run_stratified,125096.0,182.8255579714779,580.4984359993119,-26.15087612713436,-744.8749999999998,400.33333333333337,,,,,,
target_sample,1,traditional_run_stratified,125096.0,82.85113204487526,287.5376975958309,20.95680745758686,-154.92857142857136,360.8571428571428,,,,,,
target_sample,2,traditional_run_stratified,125096.0,123.0020070300295,397.94295424685924,2.869313510081404,-288.08928571428584,406.375,,,,,,
target_sample,3,traditional_run_stratified,125096.0,214.52722975421545,667.302235118313,0.14133945130140566,-723.4999999999999,693.2083333333335,,,,,,
stave,B2,gradient_boosted_trees,352852.0,56.50893574046962,301.0682143518426,-0.08709615149447685,-106.91060830205404,108.465721669447,,,,,,
stave,B4,gradient_boosted_trees,84916.0,42.084493966543334,109.45649943563684,-2.164384723261937,-126.46382074258828,105.39454561856002,,,,,,
stave,B6,gradient_boosted_trees,44592.0,36.8548968747795,89.26353670227061,0.6607850227409032,-106.00246019204415,96.55462741148118,,,,,,
stave,B8,gradient_boosted_trees,18024.0,43.52213317946943,256.92249139021754,-0.7601758058062418,-117.07260127156975,115.89730374756395,,,,,,
stave,B2,mlp,352852.0,121.01176687277886,404.5307297345853,0.8967272619990466,-236.72964380662623,315.6366218167945,,,,,,
stave,B4,mlp,84916.0,102.3359309338034,250.4669425984144,-2.851568800208056,-253.58820500192263,289.2026709688723,,,,,,
stave,B6,mlp,44592.0,88.05114308880998,212.57832264437246,5.426876311357917,-178.4631323999489,277.8413689351351,,,,,,
stave,B8,mlp,18024.0,115.94532607042522,341.0381849536487,-4.057204617012037,-264.7743657909887,336.23053651586616,,,,,,
stave,B2,one_dimensional_cnn,352852.0,133.9732228276709,462.44915740846386,-25.000891931619137,-333.5321778471828,234.22640888540002,,,,,,
stave,B4,one_dimensional_cnn,84916.0,127.98546672495054,320.8188660086593,-27.793814042310338,-421.1759898648797,292.15331230450386,,,,,,
stave,B6,one_dimensional_cnn,44592.0,111.21843204311784,271.527878750296,-12.37499992829889,-288.94348413977957,287.5042783622385,,,,,,
stave,B8,one_dimensional_cnn,18024.0,150.4232615443442,425.4214116038318,-37.051964549346934,-439.33392780488504,359.6751651749283,,,,,,
stave,B2,ridge,352852.0,199.15524499115523,510.27284712769654,3.913713569384984,-477.744170504008,364.745826346459,,,,,,
stave,B4,ridge,84916.0,188.09775352275074,381.8114970402838,-10.409590598308682,-573.4176661305889,432.3763835948074,,,,,,
stave,B6,ridge,44592.0,170.3903124281679,337.33873737347795,0.8699491740748059,-473.4430271844091,403.91247128020063,,,,,,
stave,B8,ridge,18024.0,215.7338366499296,475.6896693804812,22.88351321089538,-568.1760426341142,533.9776717403133,,,,,,
stave,B2,target_masked_residual_cnn,352852.0,76.48752881721815,307.109351017403,0.27997932775322837,-124.84376811868836,125.20729665196146,,,,,,
stave,B4,target_masked_residual_cnn,84916.0,57.8619824895575,123.67509426573852,-1.9249224546684918,-127.96993059050607,126.88807426253365,,,,,,
stave,B6,target_masked_residual_cnn,44592.0,54.20437468464662,102.67258024453794,4.4632205005424925,-115.32038854008789,114.66854785880574,,,,,,
stave,B8,target_masked_residual_cnn,18024.0,68.71518983500575,226.3023411391939,-4.566542810178219,-152.69988462724712,135.77727840577768,,,,,,
stave,B2,traditional_line3,352852.0,164.2627412113429,577.6489600092395,-27.639625516809147,-677.3333333333333,371.8571428571428,,,,,,
stave,B4,traditional_line3,84916.0,182.09017987523805,448.00400165354586,-48.0272941999825,-869.0833333333334,454.8571428571429,,,,,,
stave,B6,traditional_line3,44592.0,161.24275334461018,397.7683011200233,-46.644561484443074,-804.6666666666665,410.77857142857107,,,,,,
stave,B8,traditional_line3,18024.0,207.10468053177775,576.9433329837009,-57.03057299262359,-1005.9,541.2785714285699,,,,,,
stave,B2,traditional_mean3,352852.0,236.33400027962622,747.3095861097333,5.711960466269192e-17,-679.6666666666666,767.3333333333334,,,,,,
stave,B4,traditional_mean3,84916.0,286.57737057798295,711.157127069737,-2.0731240717492972e-16,-1247.4166666666665,1030.75,,,,,,
stave,B6,traditional_mean3,44592.0,254.38993541442412,646.8573034743345,-1.317568228901222e-16,-1083.3333333333333,941.8166666666657,,,,,,
stave,B8,traditional_mean3,18024.0,313.11865660600677,800.0583063189132,1.0791781730710577e-17,-1355.1333333333332,1204.4166666666642,,,,,,
stave,B2,traditional_median3,352852.0,256.336571707118,850.4235887145542,-32.35757768129414,-981.0,539.0,,,,,,
stave,B4,traditional_median3,84916.0,313.4910970841773,819.6884315575297,-51.02013754769419,-1521.0,976.0,,,,,,
stave,B6,traditional_median3,44592.0,278.7612800502332,747.0279537921325,-48.84882938643703,-1369.8999999999996,865.4499999999971,,,,,,
stave,B8,traditional_median3,18024.0,342.6339880159787,932.4770051450485,-58.82218153573014,-1729.6999999999998,1077.0,,,,,,
stave,B2,traditional_run_stratified,352852.0,154.62980978670137,549.4244002085663,-0.46884441770541013,-480.9083333333334,419.7142857142859,,,,,,
stave,B4,traditional_run_stratified,84916.0,144.43817195256264,379.11745681904983,-0.4624031816315956,-475.33333333333326,431.3749999999999,,,,,,
stave,B6,traditional_run_stratified,44592.0,124.06352089633845,321.79390569144357,2.3488422010354166,-376.6880952380953,405.9214285714281,,,,,,
stave,B8,traditional_run_stratified,18024.0,171.98505564009892,509.2718350883587,-9.608190402215035,-567.0214285714283,514.5071428571409,,,,,,
amplitude_bin,1000-1500,gradient_boosted_trees,46688.0,79.60576467101941,250.72243963401183,-3.6413314152410945,-210.84186442060317,200.05816988442308,,,,,,
amplitude_bin,1500-2500,gradient_boosted_trees,99436.0,50.26328503928117,227.87036485376294,-1.7203517354236966,-118.71283731077355,98.66664949997423,,,,,,
amplitude_bin,2500-4000,gradient_boosted_trees,209088.0,35.7120056181094,148.43678726407697,-0.5316578745554165,-82.34333092352932,78.06995858285472,,,,,,
amplitude_bin,4000-7000,gradient_boosted_trees,123432.0,48.65612217387398,229.98369405414678,0.858361060704834,-74.55467640832005,99.32039808849566,,,,,,
amplitude_bin,>=7000,gradient_boosted_trees,21740.0,172.65529523710742,839.2397904817207,6.785961734639452,-243.46559433293368,371.84959350208044,,,,,,
amplitude_bin,1000-1500,mlp,46688.0,202.55446953594577,488.8718634285252,-26.463967812049827,-842.5279461155052,456.12991296132765,,,,,,
amplitude_bin,1500-2500,mlp,99436.0,107.34542892258135,338.0801920853642,-14.602307792509853,-261.44724601153985,245.03240412492755,,,,,,
amplitude_bin,2500-4000,mlp,209088.0,76.74123224499911,229.29178997317916,1.751735145642977,-145.4189610009946,238.76121923323876,,,,,,
amplitude_bin,4000-7000,mlp,123432.0,120.81483216704186,355.3883031245558,13.216092976465772,-167.577086567009,345.29319416581205,,,,,,
amplitude_bin,>=7000,mlp,21740.0,290.5440078083471,911.8233476153234,42.9220618460505,-539.5019015976674,776.9368796825996,,,,,,
amplitude_bin,1000-1500,one_dimensional_cnn,46688.0,231.92649641140434,592.9577170694826,-52.717658844863,-985.2799961908856,416.21677007383687,,,,,,
amplitude_bin,1500-2500,one_dimensional_cnn,99436.0,129.59670558500335,403.53728753405386,-31.82263974197147,-440.5575248895293,241.85313106405627,,,,,,
amplitude_bin,2500-4000,one_dimensional_cnn,209088.0,99.01786522436664,281.8061321688739,-15.273549926802756,-199.9662373807563,239.26802924969127,,,,,,
amplitude_bin,4000-7000,one_dimensional_cnn,123432.0,132.78164126103363,424.6085558320766,-22.895243578845964,-224.93146615760912,214.642319328827,,,,,,
amplitude_bin,>=7000,one_dimensional_cnn,21740.0,230.16106127768586,941.820821389708,-34.787721474772084,-465.18826391292356,394.02783011686506,,,,,,
amplitude_bin,1000-1500,ridge,46688.0,290.0817700260321,637.9739019539593,-40.76395651947366,-871.8775876951102,774.8718201872412,,,,,,
amplitude_bin,1500-2500,ridge,99436.0,186.20309588049602,444.1391568684725,-39.86170349182655,-623.5858789350721,358.3341015851785,,,,,,
amplitude_bin,2500-4000,ridge,209088.0,150.08727165122477,330.0218057942882,-2.2651308580548024,-323.289502876816,359.61738527104836,,,,,,
amplitude_bin,4000-7000,ridge,123432.0,206.00167162320736,483.54160412060935,54.482224861846674,-301.16895647431227,370.89339868353443,,,,,,
amplitude_bin,>=7000,ridge,21740.0,407.7273376070287,1032.0790738731905,25.938534172866916,-1052.690378993246,395.5907139808339,,,,,,
amplitude_bin,1000-1500,target_masked_residual_cnn,46688.0,127.7870405778327,366.0678251731089,-5.838756189877021,-332.2927600555938,225.81046099150078,,,,,,
amplitude_bin,1500-2500,target_masked_residual_cnn,99436.0,71.6522310072528,241.3007575508012,1.1060398800263787,-138.97167579976124,144.61562103910427,,,,,,
amplitude_bin,2500-4000,target_masked_residual_cnn,209088.0,48.761051762583584,142.04811777322513,1.6745182982159403,-92.48361539747846,88.77755018521756,,,,,,
amplitude_bin,4000-7000,target_masked_residual_cnn,123432.0,67.10018227071353,215.8746222631922,-0.29069616827554856,-120.73499517810319,111.031793331537,,,,,,
amplitude_bin,>=7000,target_masked_residual_cnn,21740.0,183.49570372177536,801.1698190283313,-4.580022698565804,-349.4923815284078,235.5125846517303,,,,,,
amplitude_bin,1000-1500,traditional_line3,46688.0,239.76008314566405,672.0278679635599,59.470262573843804,-583.790476190476,812.666666666667,,,,,,
amplitude_bin,1500-2500,traditional_line3,99436.0,177.57269859148457,489.66735200755,-17.128471244485564,-765.3333333333333,444.75000000000006,,,,,,
amplitude_bin,2500-4000,traditional_line3,209088.0,138.3001128711356,401.9904606601166,-44.72706866646261,-812.3333333333334,354.5714285714286,,,,,,
amplitude_bin,4000-7000,traditional_line3,123432.0,169.97120990466314,576.6648950206093,-58.676904036616264,-715.1499999999999,289.1285714285706,,,,,,
amplitude_bin,>=7000,traditional_line3,21740.0,257.49678450957197,1136.4072616771798,-65.21325623165549,-782.4333333333332,335.9928571428552,,,,,,
amplitude_bin,1000-1500,traditional_mean3,46688.0,442.5223326479324,932.3832484039341,-1.1034886354764708e-15,-1758.8833333333334,1519.2166666666672,,,,,,
amplitude_bin,1500-2500,traditional_mean3,99436.0,352.36895423522,848.7259552558149,-6.148542750963214e-16,-1661.3333333333333,1319.3333333333333,,,,,,
amplitude_bin,2500-4000,traditional_mean3,209088.0,188.27061333027243,608.7025523906085,1.368684609922515e-16,-333.0,523.0,,,,,,
amplitude_bin,4000-7000,traditional_mean3,123432.0,198.5071672391816,708.510525359956,-5.455088638819458e-16,-149.33333333333331,565.0,,,,,,
amplitude_bin,>=7000,traditional_mean3,21740.0,236.77233977307571,923.7674480784697,1.1711371931519683e-15,-183.11666666666656,691.0333333333328,,,,,,
amplitude_bin,1000-1500,traditional_median3,46688.0,520.5216972241261,1066.1990595206832,44.221491603838246,-1846.0,2092.0,,,,,,
amplitude_bin,1500-2500,traditional_median3,99436.0,422.8309264250372,1016.1077548804254,-21.058972605494994,-1974.0,1534.0,,,,,,
amplitude_bin,2500-4000,traditional_median3,209088.0,199.42445286195286,706.2777113567876,-46.329813284358735,-665.0,247.0,,,,,,
amplitude_bin,4000-7000,traditional_median3,123432.0,188.74740747942187,771.7618618636079,-60.87800570354527,-427.4499999999998,102.0,,,,,,
amplitude_bin,>=7000,traditional_median3,21740.0,199.35496780128796,940.8512166721811,-80.84779208831647,-436.0,71.0,,,,,,
amplitude_bin,1000-1500,traditional_run_stratified,46688.0,264.44566208508763,725.8298089579425,68.80768128447403,-600.2785714285712,1003.5500000000006,,,,,,
amplitude_bin,1500-2500,traditional_run_stratified,99436.0,161.56612460946405,498.89358989077607,5.770779817216721,-520.75,393.33333333333326,,,,,,
amplitude_bin,2500-4000,traditional_run_stratified,209088.0,110.94819315084467,325.4573060646943,-6.809206330986635,-397.775,367.5464285714281,,,,,,
amplitude_bin,4000-7000,traditional_run_stratified,123432.0,151.60142098676272,497.99396656465854,-16.950308671981325,-439.6666666666667,427.6142857142854,,,,,,
amplitude_bin,>=7000,traditional_run_stratified,21740.0,236.2611764577036,1091.6582874587195,-25.00087506023568,-509.3499999999997,441.7190476190471,,,,,,
pretrigger_spectrum_bin,25-75,gradient_boosted_trees,81788.0,15.495789059566736,36.143264922903505,5.191845101672321,-20.34399316164155,37.23333409150407,,,,,,
pretrigger_spectrum_bin,75-200,gradient_boosted_trees,14908.0,51.453101465503885,98.62821962204033,14.101753981767569,-99.59024734549975,140.52693332245434,,,,,,
pretrigger_spectrum_bin,ptp<25,gradient_boosted_trees,297580.0,8.926320725458172,22.268506369628902,3.4911437061930615,-11.051667668245894,22.584428701002988,,,,,,
pretrigger_spectrum_bin,ptp>=200,gradient_boosted_trees,106108.0,200.26847570110348,567.2797278716838,-17.64723439346823,-462.5587432577564,370.55068837655165,,,,,,
pretrigger_spectrum_bin,25-75,mlp,81788.0,31.362296529941595,69.81694258059439,6.370217569623186,-45.67278619449738,84.69879486606078,,,,,,
pretrigger_spectrum_bin,75-200,mlp,14908.0,68.40468664999761,126.80449384318618,24.12227360600107,-92.33617878871671,195.56971547250282,,,,,,
pretrigger_spectrum_bin,ptp<25,mlp,297580.0,25.717519868899437,60.3469247348841,3.8251431511969822,-40.775488262631505,60.91200759915179,,,,,,
pretrigger_spectrum_bin,ptp>=200,mlp,106108.0,435.0993409141823,785.4351714629606,-16.735513857242957,-1245.7352346048776,954.3024229132124,,,,,,
pretrigger_spectrum_bin,25-75,one_dimensional_cnn,81788.0,31.832519667930733,50.23422554077469,5.440412516371961,-48.47941669232247,87.69181225477509,,,,,,
pretrigger_spectrum_bin,75-200,one_dimensional_cnn,14908.0,59.9572729332566,87.29523440660174,16.17113002262122,-90.71523717633374,164.6421837778621,,,,,,
pretrigger_spectrum_bin,ptp<25,one_dimensional_cnn,297580.0,27.86862483057089,44.09386151770127,5.211914221621776,-42.456165612170814,74.60481495918246,,,,,,
pretrigger_spectrum_bin,ptp>=200,one_dimensional_cnn,106108.0,509.11249086568597,920.21471593571,-137.95760864637077,-1673.0359822169041,806.4514417999179,,,,,,
pretrigger_spectrum_bin,25-75,ridge,81788.0,79.48335017421971,114.03890835548795,25.470712584279905,-114.56786546428367,178.26298887703368,,,,,,
pretrigger_spectrum_bin,75-200,ridge,14908.0,87.40389316344417,129.22675093730612,26.891751878800775,-120.52150105650973,190.25826231087729,,,,,,
pretrigger_spectrum_bin,ptp<25,ridge,297580.0,78.90390539178127,109.44167576295864,25.24787412588204,-115.42781501252578,179.39866726254215,,,,,,
pretrigger_spectrum_bin,ptp>=200,ridge,106108.0,626.222727574888,1011.3492839677614,-85.2819502715163,-1714.4474858338926,1113.8948174363995,,,,,,
pretrigger_spectrum_bin,25-75,target_masked_residual_cnn,81788.0,32.81380845111434,47.34432007729272,3.0066236531567223,-66.05076608138545,68.8098116544205,,,,,,
pretrigger_spectrum_bin,75-200,target_masked_residual_cnn,14908.0,45.565066188932164,68.9260211513267,-7.211772028918008,-108.41555608174788,79.49835016083765,,,,,,
pretrigger_spectrum_bin,ptp<25,target_masked_residual_cnn,297580.0,30.473313767390973,43.820721074592626,4.298914811914994,-58.832463130435514,65.5980167740238,,,,,,
pretrigger_spectrum_bin,ptp>=200,target_masked_residual_cnn,106108.0,217.9522863269092,575.5248382088721,-12.870024843759614,-502.3739363051074,409.6386850553719,,,,,,
pretrigger_spectrum_bin,25-75,traditional_line3,81788.0,13.107506747991904,18.068032484670358,-0.9959546982093075,-31.666666666666668,27.33333333333333,,,,,,
pretrigger_spectrum_bin,75-200,traditional_line3,14908.0,56.39471296970627,72.36007151662233,-17.39513460334496,-141.54999999999998,87.42857142857143,,,,,,
pretrigger_spectrum_bin,ptp<25,traditional_line3,297580.0,6.151831440284965,8.097092935535484,-0.09513888222134748,-13.333333333333334,13.0,,,,,,
pretrigger_spectrum_bin,ptp>=200,traditional_line3,106108.0,759.6257299391276,1179.8728597342856,-156.15958224055635,-1921.8833333333332,1289.6666666666667,,,,,,
pretrigger_spectrum_bin,25-75,traditional_mean3,81788.0,17.583769420126835,20.979935856605977,-1.9351664595119373e-17,-33.333333333333336,31.0,,,,,,
pretrigger_spectrum_bin,75-200,traditional_mean3,14908.0,57.16340220016099,68.95568269514307,1.3297653828620067e-16,-141.33333333333334,72.66666666666667,,,,,,
pretrigger_spectrum_bin,ptp<25,traditional_mean3,297580.0,5.860714205703788,7.35874992265414,-1.1384281663220656e-17,-12.333333333333334,12.333333333333334,,,,,,
pretrigger_spectrum_bin,ptp>=200,traditional_mean3,106108.0,1137.322074364484,1595.3977242557346,6.44998268824338e-16,-2766.0,2366.4333333333293,,,,,,
pretrigger_spectrum_bin,25-75,traditional_median3,81788.0,18.777155572944686,22.444395571088,-0.7871814936176457,-36.0,33.0,,,,,,
pretrigger_spectrum_bin,75-200,traditional_median3,14908.0,45.863227797155886,65.30471238858358,-16.352092836061175,-143.0,74.0,,,,,,
pretrigger_spectrum_bin,ptp<25,traditional_median3,297580.0,6.2261610323274414,7.862557886586744,-0.0414913636669131,-13.0,13.0,,,,,,
pretrigger_spectrum_bin,ptp>=200,traditional_median3,106108.0,1240.2757944735552,1823.1178625154112,-175.9323896407434,-3209.0,2796.0,,,,,,
pretrigger_spectrum_bin,25-75,traditional_run_stratified,81788.0,43.38645906839285,139.59319124905966,8.829361391937809,-80.92857142857144,43.791666666665975,,,,,,
pretrigger_spectrum_bin,75-200,traditional_run_stratified,14908.0,192.50069952853693,311.14779417512375,57.71410045102022,-245.06785714285712,700.0,,,,,,
pretrigger_spectrum_bin,ptp<25,traditional_run_stratified,297580.0,6.24507263352952,8.456063895503936,0.36984052307662896,-12.666666666666668,14.333333333333332,,,,,,
pretrigger_spectrum_bin,ptp>=200,traditional_run_stratified,106108.0,633.1468669836842,1085.1751956378043,-18.525759917568255,-1516.0928571428572,1416.7666666666628,,,,,,
adaptive_lowering_bin,lowered,gradient_boosted_trees,93028.0,202.39366832261655,595.6088195447398,-11.854381579412872,-439.5055925841675,397.056265965618,,,,,,
adaptive_lowering_bin,not_lowered,gradient_boosted_trees,407356.0,17.460246557580426,61.564937986330015,2.2192646780020215,-17.058278875927265,33.79452182253743,,,,,,
adaptive_lowering_bin,lowered,mlp,93028.0,439.15927272637725,812.2080046016969,-32.36650416522272,-1321.2724735482304,952.3686715090214,,,,,,
adaptive_lowering_bin,not_lowered,mlp,407356.0,40.630966973086835,119.44843750432321,7.988411987435576,-49.267871210025405,124.42824158051008,,,,,,
adaptive_lowering_bin,lowered,one_dimensional_cnn,93028.0,524.144629012399,962.6734482640026,-152.09939640299137,-1770.7717381502364,850.583357114792,,,,,,
adaptive_lowering_bin,not_lowered,one_dimensional_cnn,407356.0,41.85844360603931,105.54129287217553,4.2913270202595495,-51.7755948118655,101.5364935875717,,,,,,
adaptive_lowering_bin,lowered,ridge,93028.0,656.6540683382021,1061.3522353699502,-114.09054564153058,-1806.149695812779,1174.4366906097205,,,,,,
adaptive_lowering_bin,not_lowered,ridge,407356.0,89.95584245221853,145.4162816912154,28.382744726387926,-124.72519877150951,197.43648422965734,,,,,,
adaptive_lowering_bin,lowered,target_masked_residual_cnn,93028.0,233.59874623268678,610.7338541985835,-15.987369888886061,-553.8824732316016,433.75401237313116,,,,,,
adaptive_lowering_bin,not_lowered,target_masked_residual_cnn,407356.0,33.94221643055666,55.89217381360542,3.778817932149235,-67.36905335003257,70.4223993240708,,,,,,
adaptive_lowering_bin,lowered,traditional_line3,93028.0,764.3652858228041,1227.7389790222107,-135.8160164783977,-1993.6976190476191,1386.0,,,,,,
adaptive_lowering_bin,not_lowered,traditional_line3,407356.0,32.498414864919845,136.69901124328953,-10.566148060968317,-34.33333333333333,25.0,,,,,,
adaptive_lowering_bin,lowered,traditional_mean3,93028.0,1210.915229823279,1685.082750078944,3.4437965848939454e-15,-2891.0,2488.4333333333293,,,,,,
adaptive_lowering_bin,not_lowered,traditional_mean3,407356.0,29.616142473250257,121.82473037177895,-1.704052091822958e-17,-23.0,52.33333333333333,,,,,,
adaptive_lowering_bin,lowered,traditional_median3,93028.0,1368.099722664144,1934.4820814949787,-157.09389646128048,-3360.0,2981.0,,,,,,
adaptive_lowering_bin,not_lowered,traditional_median3,407356.0,20.630257072437868,107.06216630272057,-10.73804976482487,-27.0,21.0,,,,,,
adaptive_lowering_bin,lowered,traditional_run_stratified,93028.0,658.2393158127508,1140.1440248845374,2.5839473317813226,-1585.0178571428569,1536.3166666666662,,,,,,
adaptive_lowering_bin,not_lowered,traditional_run_stratified,407356.0,34.917766149557266,131.85235910674962,-1.2606074878227478,-54.333333333333336,29.33333333333333,,,,,,
anomaly_taxon,adaptive_lowering,gradient_boosted_trees,93028.0,202.39366832261655,595.6088195447398,-11.854381579412872,-439.5055925841675,397.056265965618,,,,,,
anomaly_taxon,broad_pretrigger_excursion,gradient_boosted_trees,29420.0,111.96463330451591,208.58040338688753,-19.184476090070227,-385.4534919480786,201.32656355761614,,,,,,
anomaly_taxon,early_peak,gradient_boosted_trees,220.0,463.0920275668447,632.8601953870399,380.73303884460495,-231.47698341872186,1389.295017794982,,,,,,
anomaly_taxon,pretrigger_slope,gradient_boosted_trees,4324.0,35.420601529074055,69.78263089664932,9.098438222544063,-76.30960478354214,65.47690376032537,,,,,,
anomaly_taxon,quiet_pretrigger,gradient_boosted_trees,373392.0,9.54358357386996,20.365692744985907,3.603010116236994,-12.851109667177276,24.948332331754106,,,,,,
anomaly_taxon,adaptive_lowering,mlp,93028.0,439.15927272637725,812.2080046016969,-32.36650416522272,-1321.2724735482304,952.3686715090214,,,,,,
anomaly_taxon,broad_pretrigger_excursion,mlp,29420.0,236.0731815397376,401.770091029503,66.19756038997183,-399.5628743038657,743.788459987056,,,,,,
anomaly_taxon,early_peak,mlp,220.0,804.3727230629469,1061.408964596971,110.24071004409217,-1658.769875279892,1873.2317059911254,,,,,,
anomaly_taxon,pretrigger_slope,mlp,4324.0,50.97047122941789,82.96092675505754,19.74960402884453,-69.4250015533175,184.1261932125861,,,,,,
anomaly_taxon,quiet_pretrigger,mlp,373392.0,24.662116126536805,45.86783810571386,3.205599163480769,-41.662706380573916,61.513412641578306,,,,,,
anomaly_taxon,adaptive_lowering,one_dimensional_cnn,93028.0,524.144629012399,962.6734482640026,-152.09939640299137,-1770.7717381502364,850.583357114792,,,,,,
anomaly_taxon,broad_pretrigger_excursion,one_dimensional_cnn,29420.0,213.4894210603141,348.7146655278792,-7.551362548950817,-564.4808905538214,515.9932361931814,,,,,,
anomaly_taxon,early_peak,one_dimensional_cnn,220.0,935.614455257409,1225.5198579766136,-133.5997869925049,-2404.8730659405696,1342.6143215465313,,,,,,
anomaly_taxon,pretrigger_slope,one_dimensional_cnn,4324.0,49.31242916461004,69.87154540448546,18.35434937051229,-68.36550863220806,153.86216440603766,,,,,,
anomaly_taxon,quiet_pretrigger,one_dimensional_cnn,373392.0,27.722520198940803,40.367916984796025,5.142816777850726,-43.419204133591855,76.28357023336513,,,,,,
anomaly_taxon,adaptive_lowering,ridge,93028.0,656.6540683382021,1061.3522353699502,-114.09054564153058,-1806.149695812779,1174.4366906097205,,,,,,
anomaly_taxon,broad_pretrigger_excursion,ridge,29420.0,266.1069367582438,404.34487980968197,0.13099183566109904,-690.831645752724,544.4168851226437,,,,,,
anomaly_taxon,early_peak,ridge,220.0,1161.7451452691503,1425.1619385501945,-173.88126654305765,-2719.268249114451,1648.8902807907903,,,,,,
anomaly_taxon,pretrigger_slope,ridge,4324.0,77.8363325489698,96.67480852547313,47.22627860141981,-93.72481312780448,186.21750597544775,,,,,,
anomaly_taxon,quiet_pretrigger,ridge,373392.0,75.58554506962507,94.24680343837355,30.509692309755604,-110.61842292004495,180.04103948779508,,,,,,
anomaly_taxon,adaptive_lowering,target_masked_residual_cnn,93028.0,233.59874623268678,610.7338541985835,-15.987369888886061,-553.8824732316016,433.75401237313116,,,,,,
anomaly_taxon,broad_pretrigger_excursion,target_masked_residual_cnn,29420.0,81.55399341961734,150.06530515057227,4.570976345075055,-167.2963803025325,215.39023706803997,,,,,,
anomaly_taxon,early_peak,target_masked_residual_cnn,220.0,171.84748524115955,245.27670531030967,38.03973090212137,-294.4869703503786,413.6717775841231,,,,,,
anomaly_taxon,pretrigger_slope,target_masked_residual_cnn,4324.0,41.06812534529635,54.13698903746822,-8.332566764173627,-99.34874756756017,70.28747895983143,,,,,,
anomaly_taxon,quiet_pretrigger,target_masked_residual_cnn,373392.0,30.02705470158595,39.551974258232335,3.836470281597612,-60.1110810788246,65.31559406597918,,,,,,
anomaly_taxon,adaptive_lowering,traditional_line3,93028.0,764.3652858228041,1227.7389790222107,-135.8160164783977,-1993.6976190476191,1386.0,,,,,,
anomaly_taxon,broad_pretrigger_excursion,traditional_line3,29420.0,334.93490660710233,484.4528023153517,-133.93894661875626,-947.35,474.86428571428564,,,,,,
anomaly_taxon,early_peak,traditional_line3,220.0,1488.9502164502162,1714.5503705340157,-595.5800865800867,-2951.7,1622.5714285714268,,,,,,
anomaly_taxon,pretrigger_slope,traditional_line3,4324.0,43.26144222721466,53.73892868114322,-16.329677106735385,-105.66666666666667,59.83571428571421,,,,,,
anomaly_taxon,quiet_pretrigger,traditional_line3,373392.0,7.6863130691707635,11.358872053074947,-0.4340287342601265,-17.333333333333332,16.0,,,,,,
anomaly_taxon,adaptive_lowering,traditional_mean3,93028.0,1210.915229823279,1685.082750078944,3.4437965848939454e-15,-2891.0,2488.4333333333293,,,,,,
anomaly_taxon,broad_pretrigger_excursion,traditional_mean3,29420.0,287.60052118740083,430.8649951745586,-2.2026341774752257e-16,-873.0,438.6666666666667,,,,,,
anomaly_taxon,early_peak,traditional_mean3,220.0,1287.336363636364,1536.7349468824145,-8.268133652481166e-14,-3095.15,1244.7499999999995,,,,,,
anomaly_taxon,pretrigger_slope,traditional_mean3,4324.0,46.48951588035769,53.918320840253365,-5.915711953599354e-17,-102.66666666666667,53.94999999999982,,,,,,
anomaly_taxon,quiet_pretrigger,traditional_mean3,373392.0,8.352807058890747,11.78968821174062,-2.564212239246516e-18,-18.333333333333336,18.333333333333332,,,,,,
anomaly_taxon,adaptive_lowering,traditional_median3,93028.0,1368.099722664144,1934.4820814949787,-157.09389646128048,-3360.0,2981.0,,,,,,
anomaly_taxon,broad_pretrigger_excursion,traditional_median3,29420.0,162.17770224337187,377.67065159222955,-137.99707681849083,-881.0,63.0,,,,,,
anomaly_taxon,early_peak,traditional_median3,220.0,742.7045454545455,1353.1378163365328,-622.05,-3153.25,168.04999999999998,,,,,,
anomaly_taxon,pretrigger_slope,traditional_median3,4324.0,37.35383903792784,51.500810551986106,-15.46854764107308,-104.0,54.0,,,,,,
anomaly_taxon,quiet_pretrigger,traditional_median3,373392.0,8.858459742040537,12.53073245674984,-0.29619809744183057,-20.0,19.0,,,,,,
anomaly_taxon,adaptive_lowering,traditional_run_stratified,93028.0,658.2393158127508,1140.1440248845374,2.5839473317813226,-1585.0178571428569,1536.3166666666662,,,,,,
anomaly_taxon,broad_pretrigger_excursion,traditional_run_stratified,29420.0,267.9346897154511,397.9130991532657,-54.955700689521215,-734.6666666666666,513.3452380952381,,,,,,
anomaly_taxon,early_peak,traditional_run_stratified,220.0,1138.0616883116884,1302.6747463683362,-309.82012987012985,-2225.2833333333333,1539.5142857142848,,,,,,
anomaly_taxon,pretrigger_slope,traditional_run_stratified,4324.0,185.20622439540108,304.17595012682074,57.117902295053085,-242.42857142857144,707.4499999999997,,,,,,
anomaly_taxon,quiet_pretrigger,traditional_run_stratified,373392.0,14.16773174164468,66.48102085023345,2.4758519452045302,-19.0,18.0,,,,,,
timing_target_sample,0,gradient_boosted_trees,,,,,,,18097.0,0.3713343392701045,2.5128458558970332,0.20019892799911587,0.011825164391888158,-0.3689868473294885
timing_target_sample,1,gradient_boosted_trees,,,,,,,18098.0,0.15671547704339006,1.6892181811393043,0.14543043430213284,0.00226544369543596,-0.13595340002882386
timing_target_sample,2,gradient_boosted_trees,,,,,,,18093.0,0.20391629960701022,1.1711432978323253,0.16857348145691703,0.0018239097993699221,0.1378495377470176
timing_target_sample,3,gradient_boosted_trees,,,,,,,17346.0,0.40414440391781453,4.1236058774325635,0.22800645682001613,0.041046927245474464,0.53461842335757
timing_target_sample,0,mlp,,,,,,,18098.0,0.6195733988295837,2.4375355462936468,0.287656094596088,0.023483257818543487,-0.4285911918927766
timing_target_sample,1,mlp,,,,,,,18098.0,0.338270676423358,1.8890428910045927,0.20195601723947398,0.002873245662504144,-0.2660526840101532
timing_target_sample,2,mlp,,,,,,,18098.0,0.3008306816547351,2.03421497757859,0.22024533097579843,0.0023759531439938113,0.019120678245674497
timing_target_sample,3,mlp,,,,,,,17316.0,0.7810837777664512,3.969152681876803,0.3668861168861169,0.051917301917301914,0.5518664594412296
timing_target_sample,0,one_dimensional_cnn,,,,,,,18098.0,0.5369920494892622,2.07424851346106,0.2503039009835341,0.005746491325008288,-0.3318925944399974
timing_target_sample,1,one_dimensional_cnn,,,,,,,18098.0,0.3134978701911376,1.9407914246267994,0.18676096806276937,0.0023206984197148856,-0.18694118048941258
timing_target_sample,2,one_dimensional_cnn,,,,,,,18098.0,0.3661757245265541,2.9979532825907134,0.2501381368106973,0.00425461376947729,0.010342356254217864
timing_target_sample,3,one_dimensional_cnn,,,,,,,17557.0,0.7830765602371192,3.5867827551904203,0.3904995158626189,0.024890357122515236,0.5049195377788184
timing_target_sample,0,ridge,,,,,,,18098.0,0.716962823014985,2.8730260947777837,0.5817769919328103,0.006299038567797547,-0.6548133671150757
timing_target_sample,1,ridge,,,,,,,18097.0,0.4878484497390936,3.0160138008592754,0.3912250649278886,0.0025971155440128197,-0.4244326126802415
timing_target_sample,2,ridge,,,,,,,18098.0,0.3772725202498774,2.808207460969853,0.25665819427561054,0.002596972041109515,-0.09080010408480041
timing_target_sample,3,ridge,,,,,,,17764.0,0.5607296255448844,2.9639157725792784,0.3359603692861968,0.00872551227201081,0.2734330517347998
timing_target_sample,0,target_masked_residual_cnn,,,,,,,18098.0,0.6542382759122509,2.4606995693455067,0.3433528566692452,0.012708586584152946,-0.4159178253498107
timing_target_sample,1,target_masked_residual_cnn,,,,,,,18098.0,0.44198620534379063,2.4742269985142245,0.27030611117250525,0.002486462592551663,-0.1824891576542093
timing_target_sample,2,target_masked_residual_cnn,,,,,,,18093.0,0.5231976470854448,2.160137104306626,0.31846570496877247,0.002155529762891726,0.15287991570492823
timing_target_sample,3,target_masked_residual_cnn,,,,,,,17124.0,0.9880215080816227,4.306181037794306,0.45141322120999766,0.034220976407381455,0.5971611435226732
timing_target_sample,0,traditional_line3,,,,,,,18098.0,0.38178848952527444,4.346230429699191,0.2875455851475301,0.07873798209746934,-0.368265029074565
timing_target_sample,1,traditional_line3,,,,,,,18098.0,0.1061451588986128,1.9873463022289002,0.12725163001436623,0.0012156039341363687,-0.05722519616855816
timing_target_sample,2,traditional_line3,,,,,,,18098.0,0.14423923665655689,1.3597431481878237,0.15985191733893248,0.0009393303127417395,0.1313249656149275
timing_target_sample,3,traditional_line3,,,,,,,17408.0,0.3108737181018565,3.7549489373304343,0.1782513786764706,0.01688878676470588,0.3834410334474517
timing_target_sample,0,traditional_mean3,,,,,,,18098.0,0.21055107853737842,1.3028694914692793,0.14841418941319484,0.0007735661399049619,0.13125785459822023
timing_target_sample,1,traditional_mean3,,,,,,,18098.0,0.16355942437166532,0.9779713384942124,0.13835782959443033,0.00044203779423140677,0.07740129881831975
timing_target_sample,2,traditional_mean3,,,,,,,18098.0,0.10722887793970813,1.1067089099385006,0.17604155155265774,0.0006630566913471102,-0.018803324776352208
timing_target_sample,3,traditional_mean3,,,,,,,18098.0,0.10507338400742128,1.817726795667448,0.10277378715880207,0.0009393303127417395,-0.0864611792617807
timing_target_sample,0,traditional_median3,,,,,,,18098.0,0.16764428028786796,2.3008506553810095,0.15023759531439937,0.002154934246878108,0.16732561618460481
timing_target_sample,1,traditional_median3,,,,,,,18098.0,0.16660210159213792,2.2912372599257895,0.15012708586584153,0.0020996795225991824,0.1680103155021062
timing_target_sample,2,traditional_median3,,,,,,,18098.0,0.08128511730837701,1.7511196337768455,0.10161343794894463,0.0004972925185103326,-0.13345092824913016
timing_target_sample,3,traditional_median3,,,,,,,18098.0,0.0801429152284436,1.7591493331730825,0.10106089070615537,0.0005525472427892584,-0.1341487164513307
timing_target_sample,0,traditional_run_stratified,,,,,,,18088.0,0.8660496909922731,4.220106102910889,0.32706766917293234,0.11665192392746572,0.42008182029735053
timing_target_sample,1,traditional_run_stratified,,,,,,,18098.0,0.6392846537380359,4.878559086168492,0.28660625483478835,0.027351088518068296,-0.2808386285434024
timing_target_sample,2,traditional_run_stratified,,,,,,,18098.0,0.32935533386726007,4.35531728211365,0.29102663277710245,0.014034699966847166,0.19012048251630237
timing_target_sample,3,traditional_run_stratified,,,,,,,17136.0,0.26099285738741856,4.153631642304027,0.20506535947712418,0.07031979458450047,0.41702995632269546
timing_pair,B4-B6,gradient_boosted_trees,,,,,,,40190.0,0.20567527714512185,2.780031964291574,0.1958198556854939,0.01579995023637721,0.042304470256745774
timing_pair,B4-B8,gradient_boosted_trees,,,,,,,15336.0,0.20308863012501172,2.8341275893469904,0.19998695878977568,0.018844548774126238,0.06134500411452829
timing_pair,B6-B8,gradient_boosted_trees,,,,,,,16108.0,0.16418437191035495,1.7947928580130255,0.14421405512788676,0.0047181524708219515,-0.0007102306025096484
timing_pair,B4-B6,mlp,,,,,,,40155.0,0.4005337897620313,3.0010062838996463,0.26972979703648364,0.018403685717843357,-0.07025174952936444
timing_pair,B4-B8,mlp,,,,,,,15337.0,0.448854569303289,2.583676354267346,0.29223446567125255,0.033970137575797095,-0.016209476143358017
timing_pair,B6-B8,mlp,,,,,,,16118.0,0.3622421217302684,1.8603798147633972,0.24115895272366297,0.0098647474872813,0.02482097769237101
timing_pair,B4-B6,one_dimensional_cnn,,,,,,,40294.0,0.4056437930477552,2.7291666790811013,0.2663175658907033,0.008040899389487268,-0.1168947703394736
timing_pair,B4-B8,one_dimensional_cnn,,,,,,,15384.0,0.4487401916600364,3.06796304338376,0.31064742589703587,0.0171606864274571,0.0886426717869674
timing_pair,B6-B8,one_dimensional_cnn,,,,,,,16173.0,0.34281222666540495,2.354301210686532,0.23390836579484325,0.004451864218141347,0.18603064631714153
timing_pair,B4-B6,ridge,,,,,,,40423.0,0.5456308702134313,2.906454027972141,0.3642480765900601,0.005714568438760112,-0.13939060312622667
timing_pair,B4-B8,ridge,,,,,,,15437.0,0.6900940815196548,3.5548674433442526,0.5282114400466412,0.006672280883591371,-0.4324561816685886
timing_pair,B6-B8,ridge,,,,,,,16197.0,0.45303704875354894,2.169372506184899,0.3299376427733531,0.0017904550225350372,-0.24741572117325678
timing_pair,B4-B6,target_masked_residual_cnn,,,,,,,40069.0,0.5356991795196608,3.2490870919613006,0.34677681000274524,0.01395093463774988,0.017352963388547245
timing_pair,B4-B8,target_masked_residual_cnn,,,,,,,15296.0,0.5937253182671796,2.7992555686313825,0.37284257322175735,0.01817468619246862,0.057884739796758164
timing_pair,B6-B8,target_masked_residual_cnn,,,,,,,16048.0,0.48224384693340194,2.2255597347224225,0.3115653040877368,0.003925722831505484,0.03621344019054437
timing_pair,B4-B6,traditional_line3,,,,,,,40202.0,0.22923735436826925,3.399366501949407,0.214292821252674,0.030147753843092383,0.022357648466222922
timing_pair,B4-B8,traditional_line3,,,,,,,15360.0,0.22511144824057727,3.12995606720701,0.21119791666666668,0.026041666666666668,0.015383482017814091
timing_pair,B6-B8,traditional_line3,,,,,,,16140.0,0.1368417739566273,2.1872513951946573,0.10185873605947955,0.009045848822800495,0.01338452131780885
timing_pair,B4-B6,traditional_mean3,,,,,,,40592.0,0.11955167089807944,1.5747534466761952,0.1658208513992905,0.0008868742609381159,0.022282301803906477
timing_pair,B4-B8,traditional_mean3,,,,,,,15484.0,0.12680094795925323,0.8859248199890352,0.17088607594936708,0.0005166623611469904,0.023146176993284598
timing_pair,B6-B8,traditional_mean3,,,,,,,16316.0,0.05910760462130114,1.0261377594242238,0.05264770777151263,0.00042902672223584214,0.03728596255590953
timing_pair,B4-B6,traditional_median3,,,,,,,40592.0,0.07604257638838378,2.1553673780555207,0.1466791486007095,0.001281040599132834,0.031234428393405376
timing_pair,B4-B8,traditional_median3,,,,,,,15484.0,0.07379731041649164,2.2266805574737565,0.148411263239473,0.0021958150348747093,0.005524790904487447
timing_pair,B6-B8,traditional_median3,,,,,,,16316.0,0.058644448170991126,1.5054031675167834,0.05221868104927679,0.0006128953174797745,-0.007815791727938146
timing_pair,B4-B6,traditional_run_stratified,,,,,,,40073.0,0.34176551538106215,3.9856883600482127,0.2850547750355601,0.05392658398422878,0.07329811331393019
timing_pair,B4-B8,traditional_run_stratified,,,,,,,15296.0,0.3357263469830153,5.1815777067236395,0.2852379707112971,0.06707635983263599,0.30997432384684165
timing_pair,B6-B8,traditional_run_stratified,,,,,,,16051.0,0.2604854097653124,4.633103707547222,0.2553111955641393,0.05463834029032459,0.33793568861100953
