method,stratum,value,n,tp,fp,tn,fn,pid_efficiency,pid_purity,pid_specificity,pid_balanced_accuracy
1d_cnn,pedestal_bin,"(-4320.819, -170.068]",220,80,18,96,26,0.7547169811320755,0.8163265306122449,0.8421052631578947,0.7984111221449851
1d_cnn,pedestal_bin,"(-170.068, -8.932]",220,82,23,89,26,0.7592592592592593,0.780952380952381,0.7946428571428571,0.7769510582010581
1d_cnn,pedestal_bin,"(-8.932, 609.332]",220,86,26,80,28,0.7543859649122807,0.7678571428571429,0.7547169811320755,0.7545514730221781
1d_cnn,pedestal_hysteresis,falling,111,42,10,47,12,0.7777777777777778,0.8076923076923077,0.8245614035087719,0.8011695906432749
1d_cnn,pedestal_hysteresis,flat,442,164,46,184,48,0.7735849056603774,0.780952380952381,0.8,0.7867924528301887
1d_cnn,pedestal_hysteresis,rising,107,42,11,34,20,0.6774193548387096,0.7924528301886793,0.7555555555555555,0.7164874551971325
1d_cnn,pileup_bin,clean,330,123,32,135,40,0.754601226993865,0.7935483870967742,0.8083832335329342,0.7814922302633995
1d_cnn,pileup_bin,overlap,330,125,35,130,40,0.7575757575757576,0.78125,0.7878787878787878,0.7727272727272727
1d_cnn,saturation_bin,saturated,240,91,30,92,27,0.7711864406779662,0.7520661157024794,0.7540983606557377,0.762642400666852
1d_cnn,saturation_bin,unsaturated,420,157,37,173,53,0.7476190476190476,0.8092783505154639,0.8238095238095238,0.7857142857142857
1d_cnn,late_tail_bin,core,660,248,67,265,80,0.7560975609756098,0.7873015873015873,0.7981927710843374,0.7771451660299735
deltaE_over_E_likelihood_template,pedestal_bin,"(-4320.819, -170.068]",220,80,18,96,26,0.7547169811320755,0.8163265306122449,0.8421052631578947,0.7984111221449851
deltaE_over_E_likelihood_template,pedestal_bin,"(-170.068, -8.932]",220,77,22,90,31,0.7129629629629629,0.7777777777777778,0.8035714285714286,0.7582671957671958
deltaE_over_E_likelihood_template,pedestal_bin,"(-8.932, 609.332]",220,79,21,85,35,0.6929824561403509,0.79,0.8018867924528302,0.7474346242965906
deltaE_over_E_likelihood_template,pedestal_hysteresis,falling,111,38,11,46,16,0.7037037037037037,0.7755102040816326,0.8070175438596491,0.7553606237816763
deltaE_over_E_likelihood_template,pedestal_hysteresis,flat,442,154,43,187,58,0.7264150943396226,0.7817258883248731,0.8130434782608695,0.7697292863002461
deltaE_over_E_likelihood_template,pedestal_hysteresis,rising,107,44,7,38,18,0.7096774193548387,0.8627450980392157,0.8444444444444444,0.7770609318996415
deltaE_over_E_likelihood_template,pileup_bin,clean,330,120,31,136,43,0.7361963190184049,0.7947019867549668,0.8143712574850299,0.7752837882517174
deltaE_over_E_likelihood_template,pileup_bin,overlap,330,116,30,135,49,0.703030303030303,0.7945205479452054,0.8181818181818182,0.7606060606060606
deltaE_over_E_likelihood_template,saturation_bin,saturated,240,99,32,90,19,0.8389830508474576,0.7557251908396947,0.7377049180327869,0.7883439844401223
deltaE_over_E_likelihood_template,saturation_bin,unsaturated,420,137,29,181,73,0.6523809523809524,0.8253012048192772,0.861904761904762,0.7571428571428571
deltaE_over_E_likelihood_template,late_tail_bin,core,660,236,61,271,92,0.7195121951219512,0.7946127946127947,0.8162650602409639,0.7678886276814576
gradient_boosted_trees,pedestal_bin,"(-4320.819, -170.068]",220,94,21,93,12,0.8867924528301887,0.8173913043478261,0.8157894736842105,0.8512909632571997
gradient_boosted_trees,pedestal_bin,"(-170.068, -8.932]",220,97,24,88,11,0.8981481481481481,0.8016528925619835,0.7857142857142857,0.841931216931217
gradient_boosted_trees,pedestal_bin,"(-8.932, 609.332]",220,104,25,81,10,0.9122807017543859,0.8062015503875969,0.7641509433962265,0.8382158225753062
gradient_boosted_trees,pedestal_hysteresis,falling,111,49,12,45,5,0.9074074074074074,0.8032786885245902,0.7894736842105263,0.8484405458089669
gradient_boosted_trees,pedestal_hysteresis,flat,442,191,47,183,21,0.9009433962264151,0.8025210084033614,0.7956521739130434,0.8482977850697293
gradient_boosted_trees,pedestal_hysteresis,rising,107,55,11,34,7,0.8870967741935484,0.8333333333333334,0.7555555555555555,0.821326164874552
gradient_boosted_trees,pileup_bin,clean,330,151,32,135,12,0.9263803680981595,0.825136612021858,0.8083832335329342,0.8673818008155468
gradient_boosted_trees,pileup_bin,overlap,330,144,38,127,21,0.8727272727272727,0.7912087912087912,0.7696969696969697,0.8212121212121212
gradient_boosted_trees,saturation_bin,saturated,240,111,32,90,7,0.940677966101695,0.7762237762237763,0.7377049180327869,0.839191442067241
gradient_boosted_trees,saturation_bin,unsaturated,420,184,38,172,26,0.8761904761904762,0.8288288288288288,0.819047619047619,0.8476190476190476
gradient_boosted_trees,late_tail_bin,core,660,295,70,262,33,0.899390243902439,0.8082191780821918,0.7891566265060241,0.8442734352042316
joint_sequence_transformer,pedestal_bin,"(-4320.819, -170.068]",220,48,45,69,58,0.4528301886792453,0.5161290322580645,0.6052631578947368,0.5290466732869911
joint_sequence_transformer,pedestal_bin,"(-170.068, -8.932]",220,46,51,61,62,0.42592592592592593,0.4742268041237113,0.5446428571428571,0.4852843915343915
joint_sequence_transformer,pedestal_bin,"(-8.932, 609.332]",220,51,41,65,63,0.4473684210526316,0.5543478260869565,0.6132075471698113,0.5302879841112215
joint_sequence_transformer,pedestal_hysteresis,falling,111,22,24,33,32,0.4074074074074074,0.4782608695652174,0.5789473684210527,0.49317738791423005
joint_sequence_transformer,pedestal_hysteresis,flat,442,95,100,130,117,0.4481132075471698,0.48717948717948717,0.5652173913043478,0.5066652994257588
joint_sequence_transformer,pedestal_hysteresis,rising,107,28,13,32,34,0.45161290322580644,0.6829268292682927,0.7111111111111111,0.5813620071684588
joint_sequence_transformer,pileup_bin,clean,330,110,103,64,53,0.6748466257668712,0.5164319248826291,0.38323353293413176,0.5290400793505015
joint_sequence_transformer,pileup_bin,overlap,330,35,34,131,130,0.21212121212121213,0.5072463768115942,0.793939393939394,0.503030303030303
joint_sequence_transformer,saturation_bin,saturated,240,42,39,83,76,0.3559322033898305,0.5185185185185185,0.680327868852459,0.5181300361211447
joint_sequence_transformer,saturation_bin,unsaturated,420,103,98,112,107,0.49047619047619045,0.5124378109452736,0.5333333333333333,0.5119047619047619
joint_sequence_transformer,late_tail_bin,core,660,145,137,195,183,0.4420731707317073,0.5141843971631206,0.5873493975903614,0.5147112841610344
mlp,pedestal_bin,"(-4320.819, -170.068]",220,70,26,88,36,0.660377358490566,0.7291666666666666,0.7719298245614035,0.7161535915259847
mlp,pedestal_bin,"(-170.068, -8.932]",220,67,25,87,41,0.6203703703703703,0.7282608695652174,0.7767857142857143,0.6985780423280423
mlp,pedestal_bin,"(-8.932, 609.332]",220,70,24,82,44,0.6140350877192983,0.7446808510638298,0.7735849056603774,0.6938099966898379
mlp,pedestal_hysteresis,falling,111,38,14,43,16,0.7037037037037037,0.7307692307692307,0.7543859649122807,0.7290448343079923
mlp,pedestal_hysteresis,flat,442,131,50,180,81,0.6179245283018868,0.7237569060773481,0.782608695652174,0.7002666119770304
mlp,pedestal_hysteresis,rising,107,38,11,34,24,0.6129032258064516,0.7755102040816326,0.7555555555555555,0.6842293906810035
mlp,pileup_bin,clean,330,108,34,133,55,0.6625766871165644,0.7605633802816901,0.7964071856287425,0.7294919363726534
mlp,pileup_bin,overlap,330,99,41,124,66,0.6,0.7071428571428572,0.7515151515151515,0.6757575757575758
mlp,saturation_bin,saturated,240,89,40,82,29,0.7542372881355932,0.689922480620155,0.6721311475409836,0.7131842178382883
mlp,saturation_bin,unsaturated,420,118,35,175,92,0.5619047619047619,0.7712418300653595,0.8333333333333334,0.6976190476190476
mlp,late_tail_bin,core,656,206,75,254,121,0.6299694189602446,0.7330960854092526,0.7720364741641338,0.7010029465621892
mlp,late_tail_bin,late_tail_abs_gt_15ns_equiv,4,1,0,3,0,1.0,1.0,1.0,1.0
ridge,pedestal_bin,"(-4320.819, -170.068]",220,76,20,94,30,0.7169811320754716,0.7916666666666666,0.8245614035087719,0.7707712677921218
ridge,pedestal_bin,"(-170.068, -8.932]",220,75,21,91,33,0.6944444444444444,0.78125,0.8125,0.7534722222222222
ridge,pedestal_bin,"(-8.932, 609.332]",220,77,22,84,37,0.6754385964912281,0.7777777777777778,0.7924528301886793,0.7339457133399536
ridge,pedestal_hysteresis,falling,111,42,11,46,12,0.7777777777777778,0.7924528301886793,0.8070175438596491,0.7923976608187134
ridge,pedestal_hysteresis,flat,442,144,42,188,68,0.6792452830188679,0.7741935483870968,0.8173913043478261,0.748318293683347
ridge,pedestal_hysteresis,rising,107,42,10,35,20,0.6774193548387096,0.8076923076923077,0.7777777777777778,0.7275985663082437
ridge,pileup_bin,clean,330,116,30,137,47,0.7116564417177914,0.7945205479452054,0.8203592814371258,0.7660078615774586
ridge,pileup_bin,overlap,330,112,33,132,53,0.6787878787878788,0.7724137931034483,0.8,0.7393939393939395
ridge,saturation_bin,saturated,240,81,28,94,37,0.6864406779661016,0.7431192660550459,0.7704918032786885,0.7284662406223951
ridge,saturation_bin,unsaturated,420,147,35,175,63,0.7,0.8076923076923077,0.8333333333333334,0.7666666666666666
ridge,late_tail_bin,core,660,228,63,269,100,0.6951219512195121,0.7835051546391752,0.8102409638554217,0.752681457537467
template_residual_boosted_stack_new,pedestal_bin,"(-4320.819, -170.068]",220,94,23,91,12,0.8867924528301887,0.8034188034188035,0.7982456140350878,0.8425190334326382
template_residual_boosted_stack_new,pedestal_bin,"(-170.068, -8.932]",220,99,22,90,9,0.9166666666666666,0.8181818181818182,0.8035714285714286,0.8601190476190477
template_residual_boosted_stack_new,pedestal_bin,"(-8.932, 609.332]",220,104,24,82,10,0.9122807017543859,0.8125,0.7735849056603774,0.8429328037073817
template_residual_boosted_stack_new,pedestal_hysteresis,falling,111,48,13,44,6,0.8888888888888888,0.7868852459016393,0.7719298245614035,0.8304093567251462
template_residual_boosted_stack_new,pedestal_hysteresis,flat,442,192,46,184,20,0.9056603773584906,0.8067226890756303,0.8,0.8528301886792453
template_residual_boosted_stack_new,pedestal_hysteresis,rising,107,57,10,35,5,0.9193548387096774,0.8507462686567164,0.7777777777777778,0.8485663082437276
template_residual_boosted_stack_new,pileup_bin,clean,330,153,34,133,10,0.9386503067484663,0.8181818181818182,0.7964071856287425,0.8675287461886043
template_residual_boosted_stack_new,pileup_bin,overlap,330,144,35,130,21,0.8727272727272727,0.8044692737430168,0.7878787878787878,0.8303030303030303
template_residual_boosted_stack_new,saturation_bin,saturated,240,111,32,90,7,0.940677966101695,0.7762237762237763,0.7377049180327869,0.839191442067241
template_residual_boosted_stack_new,saturation_bin,unsaturated,420,186,37,173,24,0.8857142857142857,0.8340807174887892,0.8238095238095238,0.8547619047619047
template_residual_boosted_stack_new,late_tail_bin,core,660,297,69,263,31,0.9054878048780488,0.8114754098360656,0.7921686746987951,0.8488282397884219
