path,sha256,bytes
data/root/root/hrdb_run_0031.root,9921aa75c062d0b8994573299a201cbe2725673319fdf1b8cffb711fb9adcea7,11638901
data/root/root/hrdb_run_0032.root,649983bf173352b638bf57c099dc92741b70483feba8981172b26319fc9047ff,12157812
data/root/root/hrdb_run_0033.root,1b8f1dcda0e53b8c7b702f00801555f6d317a87bed8efef6d228b49146dbf973,16781109
data/root/root/hrdb_run_0034.root,69ef29a8d879aaa908ab4a076c82b3d10ac7b3e2622e491e017eb368290bdf51,11697434
data/root/root/hrdb_run_0035.root,a6e08e36ab103e76b53741b55ea7cd3e648d1800508d6144b96ab80820e156ea,7793651
data/root/root/hrdb_run_0036.root,1160bee157e233eb63421597b415f1aaf4dea2c1e7e4a804836c487704852fee,6167361
data/root/root/hrdb_run_0037.root,6bcebe85c0b1e38a42cc326cbcdc2107ccaee877372bffd537ce71baa1b22fd3,14369738
data/root/root/hrdb_run_0039.root,b875c8d45a62a39933d7d4648518040a645629e6fb60c9111a7d05c4d982c568,8625385
data/root/root/hrdb_run_0040.root,0d4ebb2f14673aea000c454fd8a4be2c56d6028c31e26a82c1ecd85578128f17,9266489
data/root/root/hrdb_run_0041.root,72f7a53810bcc4858c2d56e64bdc3bcbb94b9f8e34d35b79c202a77328eb8010,9691925
data/root/root/hrdb_run_0042.root,b941a6a777414912a0db865a87f68370accf916348340d2249972018f2e61898,9767653
data/root/root/hrdb_run_0044.root,0ac6d667ebf7c1b47d037dde649e5977cdc6012d80abb6a311516bc67d03ad50,1227977
data/root/root/hrdb_run_0045.root,b7bf2921edc3f776390cf50efe6901cb99f9807d7ae04ab5d8925348b74eb96b,13786671
data/root/root/hrdb_run_0046.root,7a1f8b5c0e478739401425f3e80bb5469433064137ccbd30266f8e42da135bf3,412227
data/root/root/hrdb_run_0047.root,f73d9328de01147826d0c142caa38baa7d6577ce88b6c6566b57039919015bc3,3098718
data/root/root/hrdb_run_0048.root,73de7b2c54394585869fce573aeeae1075af130741524484dd79a6823183eaf8,8995827
data/root/root/hrdb_run_0049.root,78de20d813d501dfc9881ec9ee7e8297a9c26929d6ed71400238ca4f29664744,9203548
data/root/root/hrdb_run_0050.root,5fa46e1f0ab4eb605501ccf952bfca46eb46be2dffd66672beadd01305dfe799,13217424
data/root/root/hrdb_run_0051.root,6ffc099d12f495df759033caef8c53c05aa24acada928392afe796f3a72c011e,6036876
data/root/root/hrdb_run_0052.root,3305bb0a1604afe6c83783d0e5d576d729c217c203eedf3bc44f304dab5fe0af,2941826
data/root/root/hrdb_run_0053.root,62307716ee4b31dc7ab0b114401e684508d6f18beb59721a50a9aeddf4feb43c,11713879
data/root/root/hrdb_run_0054.root,445650d124d7758e8d3a69d2c3e215e9b95f3acccc213fd9c14bbabacc763e5c,11056922
data/root/root/hrdb_run_0055.root,134da5c9a3acb056d5bbed66f057110c506c43d3e0524936906002e56d74007c,7153324
data/root/root/hrdb_run_0056.root,4f99f5168a4c02c6d6c2984a53ce979dbfce7ce2790fed220d6957194135d3cb,15273160
data/root/root/hrdb_run_0057.root,ed7c738068ecb1f6b71ce76da170fc280262a84571fe2ba6129e5015b0b4de16,8881910
data/root/root/hrdb_run_0058.root,d2324f6ffa4c05b387c18ff8b48b8589592a1bb9e30d9b3c67d7f5f3f1fe39a1,9623179
data/root/root/hrdb_run_0059.root,64fced477c9c45f9726cde0d466c15a6d776b8bb1b22a0043510dc73c884ae0e,12032616
data/root/root/hrdb_run_0060.root,f466b5af260d9fadba426280f6313bac1381c1441c569c7094a8a9d61373030d,10174098
data/root/root/hrdb_run_0061.root,c57d1f18f79f11fb0d3a0bbbf42f978cff1ec704dc08337c600c17354099d61d,10362658
data/root/root/hrdb_run_0062.root,2530c56acb462473c6b5c316c0689491ec044f01a8c623624eebafbd271fdfbe,10634393
data/root/root/hrdb_run_0063.root,3fd42501e2c53a914b535616bc7bb7b8fb5554cd4f46d890023db6877a720a53,10494181
data/root/root/hrdb_run_0064.root,e6661362dc89d934f42d1fa177bcb99e9c89e294b2f157a09ec1df4e50c89252,10006223
data/root/root/hrdb_run_0065.root,fd443fd416e8e64b25f4358754c1cc7042a8c3b61c5a13fd82276873807e07bb,10600278
reports/1781005319.615.15053b04__p09a_rare_waveform_anomaly_taxonomy/gallery_manifest.csv,e2f96ba0ae3a2d7da58966dacda915b67bc1cff405cb2a54f39104d960282601,47187
reports/1781005319.615.15053b04__p09a_rare_waveform_anomaly_taxonomy/gallery_waveforms.json,a4b69256c6af3f389197be84a9d3aae2bac14529bb593693444b38075b98f1da,116429
