stratum,value,method,detection_ap,detection_auc,time_rms_ns,time_sigma68_ns,charge_fractional_bias,charge_fractional_res68,failure_rate,n_events,n_positive
true_sep_sample,0.5,traditional,1.0,,18.069687075305037,7.408008233537265,0.0025863635765667166,0.14671531328512274,0.2,70,70
true_sep_sample,0.5,ridge,0.9999999999999998,,10.394217180301538,8.868736564915636,-0.015055609557520984,0.08764872131772145,0.4714285714285714,70,70
true_sep_sample,0.5,gradient_boosted_trees,0.9999999999999998,,7.517324272617583,5.696950981645248,0.014119848549818377,0.049443357670664434,0.44285714285714284,70,70
true_sep_sample,0.5,mlp,0.9999999999999998,,10.312718751529564,8.268887373724619,0.02036441713140856,0.0881524472088207,0.5,70,70
true_sep_sample,0.5,one_d_cnn,0.9999999999999998,,10.258624924753612,8.711331376296094,0.021113872630440452,0.09969448424795248,0.45714285714285713,70,70
true_sep_sample,0.5,template_residual_fusion_new,0.9999999999999998,,7.8841967779409075,5.0851995048054865,-0.0004728807175809446,0.04688924016709924,0.45714285714285713,70,70
true_sep_sample,0.75,traditional,1.0,,17.249646202038,6.699088400732062,-0.011793653673885005,0.08310972791416771,0.25,64,64
true_sep_sample,0.75,ridge,1.0,,10.242707403608796,9.476882908765845,-0.008478224911714292,0.10253688354659285,0.40625,64,64
true_sep_sample,0.75,gradient_boosted_trees,1.0,,6.972615328471807,5.077109769523096,0.005048441050410991,0.07239125841873459,0.421875,64,64
true_sep_sample,0.75,mlp,1.0,,9.384411907550856,8.249445491665433,0.01036988822864698,0.09739680281646834,0.453125,64,64
true_sep_sample,0.75,one_d_cnn,1.0,,9.186416240139764,8.633461142239357,0.007358137062476277,0.07902732444804919,0.5625,64,64
true_sep_sample,0.75,template_residual_fusion_new,1.0,,6.988842981947627,3.9371404704155255,0.0044987575414463694,0.05513341801788433,0.46875,64,64
true_sep_sample,1.0,traditional,1.0,,13.42184766291609,5.832021008713863,-0.02217626283889764,0.09015210677815805,0.1896551724137931,58,58
true_sep_sample,1.0,ridge,1.0,,8.9794004059705,7.118770403550933,-0.010705265740351648,0.07256411195969131,0.3793103448275862,58,58
true_sep_sample,1.0,gradient_boosted_trees,1.0,,7.916432411363021,4.070666328820878,0.013451025665959116,0.035638742054035194,0.43103448275862066,58,58
true_sep_sample,1.0,mlp,1.0,,12.55288364205113,6.206424583741347,0.020147375307120352,0.08174567056666855,0.41379310344827586,58,58
true_sep_sample,1.0,one_d_cnn,1.0,,9.564749927463946,8.526686763537905,0.0043632500439942665,0.08798433503989789,0.4482758620689655,58,58
true_sep_sample,1.0,template_residual_fusion_new,1.0,,6.603229049347432,3.4728489361675488,0.0025620357375587426,0.03926998176386702,0.3793103448275862,58,58
true_sep_sample,1.5,traditional,1.0,,15.252091423915612,7.9150400160906855,0.00267434072395641,0.0926393294173794,0.21818181818181817,55,55
true_sep_sample,1.5,ridge,1.0,,7.8408211960570044,7.5986206935039,-0.011195404879650952,0.07104638026689411,0.4,55,55
true_sep_sample,1.5,gradient_boosted_trees,1.0,,5.989257452154393,3.3151504092007813,0.004284713870127234,0.038388333590241804,0.4,55,55
true_sep_sample,1.5,mlp,1.0,,7.621608636834237,7.076864774651435,-0.025057645121984898,0.049289034624653505,0.38181818181818183,55,55
true_sep_sample,1.5,one_d_cnn,1.0,,6.968146952337184,5.468648268902806,-0.01908632818501306,0.06081463948003112,0.2545454545454545,55,55
true_sep_sample,1.5,template_residual_fusion_new,1.0,,4.451066088330422,3.7960827751045505,-0.005894304160332052,0.04512862067391955,0.38181818181818183,55,55
true_sep_sample,2.0,traditional,0.9999999999999998,,12.562240206920075,6.478360659748214,-0.025071353749287997,0.08060478609227381,0.1282051282051282,78,78
true_sep_sample,2.0,ridge,0.9999999999999998,,7.123866913003353,5.740918630946796,-0.013328598013191379,0.07940023828921552,0.24358974358974358,78,78
true_sep_sample,2.0,gradient_boosted_trees,0.9999999999999998,,5.528785151166502,4.243262106920154,-0.020244145148594885,0.06412490410257596,0.23076923076923078,78,78
true_sep_sample,2.0,mlp,0.9999999999999998,,8.02369303339539,6.479018969453348,-0.04086157132912432,0.08008971441659021,0.23076923076923078,78,78
true_sep_sample,2.0,one_d_cnn,0.9999999999999998,,6.951568173193297,5.46110145648503,-0.006033638748829663,0.06893691109828332,0.1794871794871795,78,78
true_sep_sample,2.0,template_residual_fusion_new,0.9999999999999998,,5.4641587792039035,3.999615885692486,-0.008100993395814354,0.04657061947848057,0.20512820512820512,78,78
true_sep_sample,3.0,traditional,1.0,,11.221492001582725,6.613788471450674,-0.005917844171910749,0.0867916400908795,0.09523809523809523,63,63
true_sep_sample,3.0,ridge,0.9999999999999996,,7.057025772392884,6.022734175215653,-0.029214569885718505,0.06371334416903678,0.23809523809523808,63,63
true_sep_sample,3.0,gradient_boosted_trees,0.9999999999999996,,7.431586184365349,5.787255740241042,-0.0018828226138941984,0.05795970479170347,0.15873015873015872,63,63
true_sep_sample,3.0,mlp,0.9999999999999996,,9.010002208523213,6.838664252583585,-0.01775970286577755,0.06979308734645948,0.2222222222222222,63,63
true_sep_sample,3.0,one_d_cnn,0.9999999999999996,,7.807322296227471,7.837574842430373,-0.00799564377470259,0.07857843158808353,0.14285714285714285,63,63
true_sep_sample,3.0,template_residual_fusion_new,0.9999999999999996,,6.777585830064667,4.520055641506779,-0.0023388314214087594,0.06535068229535249,0.20634920634920634,63,63
true_sep_sample,4.0,traditional,1.0000000000000002,,9.646055534324889,6.777608770965648,-0.028345306230523566,0.08228996458677974,0.08433734939759036,83,83
true_sep_sample,4.0,ridge,1.0,,8.029150811893894,7.997767111814077,-0.03509767660397794,0.06579388593511099,0.12048192771084337,83,83
true_sep_sample,4.0,gradient_boosted_trees,1.0,,6.166541733515155,4.261688669577185,-0.009445562399611956,0.06839549789871793,0.060240963855421686,83,83
true_sep_sample,4.0,mlp,1.0,,8.712062488417828,6.732953815919633,-0.0379711758768911,0.07694639283194213,0.0963855421686747,83,83
true_sep_sample,4.0,one_d_cnn,1.0,,6.6925600899007796,6.151133695878974,-0.010921569721529537,0.07202172425262542,0.03614457831325301,83,83
true_sep_sample,4.0,template_residual_fusion_new,1.0,,5.450874098670544,4.360203361533613,-0.0010246809415661298,0.07040007244462332,0.07228915662650602,83,83
true_sep_sample,5.0,traditional,0.9999999999999998,,14.091692750959968,8.442671132601287,-0.045696470858304736,0.1043457614814022,0.1016949152542373,59,59
true_sep_sample,5.0,ridge,0.9999999999999999,,9.04903916375049,8.281524816731304,-0.013230222871275583,0.08457806360045214,0.23728813559322035,59,59
true_sep_sample,5.0,gradient_boosted_trees,0.9999999999999999,,6.693467943900323,5.101381358674306,-0.017389851112558873,0.06627307107504045,0.13559322033898305,59,59
true_sep_sample,5.0,mlp,0.9999999999999999,,9.433898140938577,7.990834851905338,-0.010434847187493459,0.06853358325268497,0.1864406779661017,59,59
true_sep_sample,5.0,one_d_cnn,0.9999999999999999,,9.379149161035608,8.622312621426854,-0.009122390747070313,0.08426048825162649,0.1016949152542373,59,59
true_sep_sample,5.0,template_residual_fusion_new,0.9999999999999999,,7.185828075052371,4.910434291450633,-0.009363593159463578,0.06960704134249325,0.13559322033898305,59,59
true_sep_sample,6.0,traditional,1.0,,11.078839905037544,3.9437301275868153,-0.06067224863673364,0.06988257320069531,0.1,70,70
true_sep_sample,6.0,ridge,0.9999999999999998,,9.682972719757384,8.130857150956661,-0.03501421330854186,0.0834522911152026,0.12857142857142856,70,70
true_sep_sample,6.0,gradient_boosted_trees,0.9999999999999998,,7.817172035379983,4.1580259067125525,-0.018855980375633637,0.07630356386147612,0.05714285714285714,70,70
true_sep_sample,6.0,mlp,0.9999999999999998,,11.434381145862005,9.44705084512825,-0.047754235849457816,0.07569746117783406,0.11428571428571428,70,70
true_sep_sample,6.0,one_d_cnn,0.9999999999999998,,10.253916901028727,7.043505347806743,-0.047422005082352676,0.09022715950312718,0.04285714285714286,70,70
true_sep_sample,6.0,template_residual_fusion_new,0.9999999999999998,,7.435684388980894,3.6438976579662867,-0.020209464242259074,0.054582544274331145,0.08571428571428572,70,70
true_ratio,0.25,traditional,0.9999999999999999,,18.130471816078142,9.41547612011202,-0.013215994869969185,0.11142082943595873,0.16339869281045752,153,153
true_ratio,0.25,ridge,1.0,,11.918979625866168,9.466538590770654,0.05364852123727554,0.11213761728164273,0.5228758169934641,153,153
true_ratio,0.25,gradient_boosted_trees,1.0,,10.655080300089155,6.6833446820073155,0.017605027060462516,0.08536511299725985,0.4444444444444444,153,153
true_ratio,0.25,mlp,1.0,,13.984714763822335,9.718813404373268,-0.003836499809803102,0.07060378846138474,0.5294117647058824,153,153
true_ratio,0.25,one_d_cnn,1.0,,11.298015589963054,9.491433992123744,-0.007194811489671639,0.08313562763138788,0.38562091503267976,153,153
true_ratio,0.25,template_residual_fusion_new,1.0,,10.203401507810675,7.398405512073605,0.013589629772982075,0.06121186308531402,0.45751633986928103,153,153
true_ratio,0.5,traditional,0.9999999999999998,,12.475595689703276,7.868976087717549,-0.015565948810689841,0.09065503112272266,0.11290322580645161,124,124
true_ratio,0.5,ridge,1.0,,7.823540194934615,6.849130694584133,-0.009726314288906928,0.07362930079417845,0.33064516129032256,124,124
true_ratio,0.5,gradient_boosted_trees,1.0,,5.688674382700595,4.459729320186374,-0.004677114066522606,0.05269262584289109,0.2661290322580645,124,124
true_ratio,0.5,mlp,1.0,,9.403817141848243,7.612017369119976,-0.0011558110691958108,0.08341105324950318,0.28225806451612906,124,124
true_ratio,0.5,one_d_cnn,1.0,,7.08358062609086,6.028100867034605,-0.004212088285859068,0.07594368084333425,0.22580645161290322,124,124
true_ratio,0.5,template_residual_fusion_new,1.0,,5.546992320378031,4.415489544402455,-0.001640001020519089,0.05778485092184018,0.27419354838709675,124,124
true_ratio,0.75,traditional,1.0,,10.923028659739778,5.230849180121624,-0.04406216226347233,0.08551253627579235,0.14012738853503184,157,157
true_ratio,0.75,ridge,1.0,,7.1498750342955875,6.631261947228806,-0.029738123046765604,0.06748619713878413,0.17197452229299362,157,157
true_ratio,0.75,gradient_boosted_trees,1.0,,5.106512269253332,4.252410358075263,-0.008519564021064414,0.06194664805296214,0.14012738853503184,157,157
true_ratio,0.75,mlp,1.0,,7.986743798125133,7.139035317766705,-0.03234160839473743,0.06373547611899218,0.16560509554140126,157,157
true_ratio,0.75,one_d_cnn,1.0,,7.512323204176457,6.286323728517609,-0.01336590387193179,0.08223804587209013,0.14012738853503184,157,157
true_ratio,0.75,template_residual_fusion_new,1.0,,4.69467674786048,3.7196178895427643,-0.013135066997667949,0.06534866691342411,0.15286624203821655,157,157
true_ratio,1.0,traditional,1.0,,11.724881189215514,5.698986913054562,-0.021572350283787917,0.07554571195074736,0.1686746987951807,166,166
true_ratio,1.0,ridge,0.9999999999999999,,8.463216064266259,6.722952593133754,-0.037918687279709914,0.06790661753907005,0.13253012048192772,166,166
true_ratio,1.0,gradient_boosted_trees,0.9999999999999999,,6.107301140027075,4.229851560164154,-0.01200839522113508,0.058434767734359926,0.16265060240963855,166,166
true_ratio,1.0,mlp,0.9999999999999999,,8.341208586680567,6.731222654671715,-0.02610148071712067,0.08216330160794527,0.1566265060240964,166,166
true_ratio,1.0,one_d_cnn,0.9999999999999999,,8.034170281281659,6.7640081405256876,-0.004972646060456102,0.07931279304648661,0.20481927710843373,166,166
true_ratio,1.0,template_residual_fusion_new,0.9999999999999999,,5.689706712393445,3.3201106086276218,-0.00962392557160532,0.044747171748167155,0.1566265060240964,166,166
stave,B2,traditional,0.9999999999999998,,12.406482083021965,6.96488097599904,-0.005669264844038318,0.06266934417941532,0.39215686274509803,153,153
stave,B2,ridge,1.0,,10.599835969396759,8.311450954939943,-0.037512523734123115,0.08651048018560184,0.20261437908496732,153,153
stave,B2,gradient_boosted_trees,1.0,,8.083654552106823,6.036732097262638,-0.00991339849137062,0.05296105325649208,0.2222222222222222,153,153
stave,B2,mlp,1.0,,11.276996797175286,7.800330113509238,-0.032899703336432946,0.08640631500989418,0.2549019607843137,153,153
stave,B2,one_d_cnn,1.0,,7.949683332896214,7.0093445567634225,0.000497772178215866,0.07756483801835828,0.24836601307189543,153,153
stave,B2,template_residual_fusion_new,1.0,,7.611308236611435,5.158940236031738,-0.0017343738253892413,0.06655850788892195,0.24183006535947713,153,153
stave,B4,traditional,1.0,,12.663027234795804,4.698149851296137,0.003291464629238744,0.10228952618078727,0.043209876543209874,162,162
stave,B4,ridge,1.0,,7.873100279814459,6.218821863077608,0.00804585932413228,0.0876644619876642,0.29012345679012347,162,162
stave,B4,gradient_boosted_trees,1.0,,6.549396393557057,4.140342043543252,0.005243891472026046,0.06676008692701826,0.29012345679012347,162,162
stave,B4,mlp,1.0,,9.545870294388509,6.507498917387044,-0.0033568216936566394,0.07530266134876602,0.2962962962962963,162,162
stave,B4,one_d_cnn,1.0,,8.27996638933496,6.461460605594577,0.0007773695610653351,0.08083831197823313,0.24691358024691357,162,162
stave,B4,template_residual_fusion_new,1.0,,6.029777755995386,3.5547704588299,0.007781758158550427,0.05815393774174527,0.2777777777777778,162,162
stave,B6,traditional,0.9999999999999999,,13.090137534116007,7.1725674982620315,-0.07101205552254379,0.09500448442393192,0.06993006993006994,143,143
stave,B6,ridge,0.9999999999999999,,7.970057350597584,6.154683652495651,-0.054984895847109444,0.05670940822303358,0.3776223776223776,143,143
stave,B6,gradient_boosted_trees,0.9999999999999999,,6.185388087792435,3.6168247427619917,-0.02618364898624971,0.062072069003709096,0.2867132867132867,143,143
stave,B6,mlp,0.9999999999999999,,8.107890010920805,6.6561740698834075,-0.0566368563320481,0.053611423612018955,0.3356643356643357,143,143
stave,B6,one_d_cnn,0.9999999999999999,,9.397266239195854,6.8556532278433036,-0.056250350776065536,0.06871572143967004,0.23076923076923078,143,143
stave,B6,template_residual_fusion_new,0.9999999999999999,,5.946318847944921,3.402779358510851,-0.020592004648109695,0.048978942704658635,0.25874125874125875,143,143
stave,B8,traditional,0.9999999999999999,,15.766391457643909,8.52117754840706,-0.055475107062161105,0.07161055183539627,0.08450704225352113,142,142
stave,B8,ridge,0.9999999999999999,,7.5455820972413825,5.4967896630876565,0.005936358941288421,0.06287276528547366,0.2676056338028169,142,142
stave,B8,gradient_boosted_trees,0.9999999999999999,,6.413019226230584,4.357613116369986,0.012971071211877992,0.059700865260228345,0.19718309859154928,142,142
stave,B8,mlp,0.9999999999999999,,9.045159893067789,7.055927991552934,0.017008188982513592,0.07291429643764354,0.2323943661971831,142,142
stave,B8,one_d_cnn,0.9999999999999999,,8.317004291285253,6.824134673806763,0.009494912531012275,0.07852892472110609,0.22535211267605634,142,142
stave,B8,template_residual_fusion_new,0.9999999999999999,,6.229083623310606,3.8538155065034116,-0.0033020111386963796,0.049665052983789634,0.24647887323943662,142,142
