topology,run,method,n,bias_median_frac,res68_abs_frac,full_rms_frac,within_10pct,within_25pct
A1A3,31,topology_median,80,0.04607531360997862,0.2740834817825147,0.7933397828596361,0.1875,0.5875
A1A3,31,ridge_log_charge,80,0.023075900375859385,0.27477243733375234,0.7759448658089577,0.2125,0.6125
A1A3,31,huber_log_charge,80,0.03735035330567895,0.27450750410311386,0.7853474823801289,0.2,0.6
A1A3,31,gradient_boosted_trees,80,0.011980480522308282,0.30185559889829033,0.7711089164491346,0.175,0.5625
A1A3,31,extra_trees,80,0.02071243817742361,0.28090341730974766,0.7792757014878283,0.2125,0.5375
A1A3,31,mlp,80,-0.13352559397869873,0.7980665572339893,1.4264919108825735,0.0625,0.15
A1A3,31,cnn1d_waveform,80,0.035807330012934686,0.2813149021924581,0.7864077661359945,0.175,0.6125
A1A3,31,hybrid_support_gate_cnn,80,0.043969417273150714,0.26721468152979755,0.7851842479121874,0.175,0.6125
A1A3,32,topology_median,72,0.0492598164197185,0.262299302669644,0.29120684659180085,0.3055555555555556,0.6527777777777778
A1A3,32,ridge_log_charge,72,0.02319134893553572,0.2679085914069096,0.28355925341025456,0.3888888888888889,0.6388888888888888
A1A3,32,huber_log_charge,72,0.04876246134050259,0.2578886326710961,0.2989215154600999,0.3472222222222222,0.6388888888888888
A1A3,32,gradient_boosted_trees,72,0.0033001537723652058,0.24849981479460892,0.2743268629763978,0.3333333333333333,0.6805555555555556
A1A3,32,extra_trees,72,0.022979860907797085,0.27880601195187343,0.2875320701648549,0.3888888888888889,0.6111111111111112
A1A3,32,mlp,72,-0.1395484108577848,0.9298528399235494,4.645225182002886e+28,0.08333333333333333,0.1527777777777778
A1A3,32,cnn1d_waveform,72,0.042658783001387035,0.269317537785865,0.2922255101942201,0.3472222222222222,0.6388888888888888
A1A3,32,hybrid_support_gate_cnn,72,0.05127068830736367,0.2676733247226405,0.2986765373009355,0.3472222222222222,0.6388888888888888
A1A3,33,topology_median,1,2.299019607843137,2.299019607843137,2.299019607843137,0.0,0.0
A1A3,33,ridge_log_charge,1,2.2621016249172428,2.2621016249172428,2.2621016249172428,0.0,0.0
A1A3,33,huber_log_charge,1,2.1618749093918144,2.1618749093918144,2.1618749093918144,0.0,0.0
A1A3,33,gradient_boosted_trees,1,2.450469374369332,2.450469374369332,2.450469374369332,0.0,0.0
A1A3,33,extra_trees,1,2.3207340371636955,2.3207340371636955,2.3207340371636955,0.0,0.0
A1A3,33,mlp,1,-0.9196405576784658,0.9196405576784658,0.9196405576784658,0.0,0.0
A1A3,33,cnn1d_waveform,1,2.224078608494179,2.224078608494179,2.224078608494179,0.0,0.0
A1A3,33,hybrid_support_gate_cnn,1,2.4756266276041665,2.4756266276041665,2.4756266276041665,0.0,0.0
A1A3,34,topology_median,5,-0.15195859496098574,0.19759534460461706,0.6865743841871136,0.2,0.8
A1A3,34,ridge_log_charge,5,-0.15437239147960866,0.2168494951839267,0.6997013057338448,0.2,0.8
A1A3,34,huber_log_charge,5,-0.15083344804511278,0.19961207857469745,0.7275931566002806,0.2,0.8
A1A3,34,gradient_boosted_trees,5,-0.15332183892986948,0.2476834394648507,0.7708246424395142,0.2,0.6
A1A3,34,extra_trees,5,-0.13252511489579044,0.2267031434628597,0.7066366799129327,0.2,0.8
A1A3,34,mlp,5,2.6845663905125323,3.7609686762270083,7.891225078441125,0.0,0.0
A1A3,34,cnn1d_waveform,5,-0.15060737092123586,0.19685449526724433,0.6888789054420986,0.2,0.8
A1A3,34,hybrid_support_gate_cnn,5,-0.15906631152628536,0.19514802308313853,0.7137417078744617,0.2,0.8
A1A3,35,topology_median,67,-0.02977697408077155,0.23102464426152358,0.3791562759246401,0.3283582089552239,0.7014925373134329
A1A3,35,ridge_log_charge,67,-0.06290116903641897,0.25732397573269794,0.37225645510721705,0.208955223880597,0.6567164179104478
A1A3,35,huber_log_charge,67,-0.02826155003728314,0.25249628558478804,0.37880012658637,0.2537313432835821,0.6567164179104478
A1A3,35,gradient_boosted_trees,67,-0.04471973702583843,0.2513708354676108,0.38891987472915496,0.31343283582089554,0.6716417910447762
A1A3,35,extra_trees,67,-0.046539210840649395,0.25189865670743017,0.3687911038639427,0.29850746268656714,0.6716417910447762
A1A3,35,mlp,67,-0.10028691724969793,0.7350805723109022,18.121328521868897,0.1044776119402985,0.3283582089552239
A1A3,35,cnn1d_waveform,67,-0.029486604110695203,0.22835311291188176,0.37910166003866436,0.31343283582089554,0.7014925373134329
A1A3,35,hybrid_support_gate_cnn,67,-0.05175542424694304,0.2510733712569618,0.37864869195818024,0.2835820895522388,0.6567164179104478
A1A3,36,topology_median,97,0.027075067449611172,0.28141308720763625,0.41595706687092643,0.31958762886597936,0.5773195876288659
A1A3,36,ridge_log_charge,97,-0.0022087068914801986,0.27703959706645775,0.39722585382586945,0.36082474226804123,0.6288659793814433
A1A3,36,huber_log_charge,97,0.027072933447881538,0.27357915440957103,0.41396624906536006,0.31958762886597936,0.5979381443298969
A1A3,36,gradient_boosted_trees,97,0.0007114538243799165,0.30649317115162716,0.3929782549468028,0.27835051546391754,0.5979381443298969
A1A3,36,extra_trees,97,-0.004292971003848144,0.2904911072785097,0.3751819650960669,0.30927835051546393,0.6082474226804123
A1A3,36,mlp,97,-0.12591997386307932,0.7970242641679225,12.029837758432883,0.09278350515463918,0.23711340206185566
A1A3,36,cnn1d_waveform,97,0.020177005075127877,0.2808473833532566,0.40972645804774505,0.29896907216494845,0.5876288659793815
A1A3,36,hybrid_support_gate_cnn,97,0.01895028340447809,0.28007076502261774,0.41270670595887926,0.30927835051546393,0.6082474226804123
A1A3,37,topology_median,104,0.0002554596900959066,0.24566707340372715,0.3117951681136164,0.2980769230769231,0.6826923076923077
A1A3,37,ridge_log_charge,104,-0.014868787329568823,0.2646131212752631,0.30289485853733894,0.34615384615384615,0.6634615384615384
A1A3,37,huber_log_charge,104,0.014814785936610047,0.25072119104014584,0.3133951209575119,0.28846153846153844,0.6730769230769231
A1A3,37,gradient_boosted_trees,104,0.004251291003521931,0.25271128461719955,0.30163089243460905,0.27884615384615385,0.6730769230769231
A1A3,37,extra_trees,104,-0.01771207959858197,0.25921548752082657,0.2997041317241842,0.33653846153846156,0.6442307692307693
A1A3,37,mlp,104,0.024514811990103746,0.6501593545032648,3.1991028070155934,0.10576923076923077,0.2692307692307692
A1A3,37,cnn1d_waveform,104,-0.0032373238112695787,0.2547941184692383,0.3067846343376793,0.3076923076923077,0.6634615384615384
A1A3,37,hybrid_support_gate_cnn,104,0.0067288062542964384,0.2573303522151191,0.3071064873964265,0.2980769230769231,0.6730769230769231
A1A3,39,topology_median,120,0.07232370250915847,0.27615736257127305,0.3735811633421064,0.24166666666666667,0.5833333333333334
A1A3,39,ridge_log_charge,120,0.041001604210108455,0.27058184464307783,0.3562863069290576,0.225,0.5833333333333334
A1A3,39,huber_log_charge,120,0.07175291227114071,0.27722635034719184,0.37141912995592113,0.23333333333333334,0.6
A1A3,39,gradient_boosted_trees,120,0.04715685937612114,0.2883242728634047,0.365432477831264,0.20833333333333334,0.5833333333333334
A1A3,39,extra_trees,120,0.04866704622558734,0.29317862942265355,0.35808572411645856,0.20833333333333334,0.575
A1A3,39,mlp,120,-0.12426167365170859,0.6397862871124372,3.761996602578039e+16,0.09166666666666666,0.25
A1A3,39,cnn1d_waveform,120,0.05990265754357342,0.2715674505959544,0.36754392632467714,0.225,0.5833333333333334
A1A3,39,hybrid_support_gate_cnn,120,0.056696549199985805,0.2683512461736311,0.3657911218036758,0.23333333333333334,0.5916666666666667
A1A3,40,topology_median,83,-0.03847072879330944,0.2559769841271447,0.3540549039098625,0.30120481927710846,0.6626506024096386
A1A3,40,ridge_log_charge,83,-0.05370395990270124,0.2641955910946574,0.3400402344567991,0.25301204819277107,0.6385542168674698
A1A3,40,huber_log_charge,83,-0.03537120767388903,0.26428177118909985,0.34832148784149114,0.25301204819277107,0.6144578313253012
A1A3,40,gradient_boosted_trees,83,-0.06039823547738391,0.2877973848317882,0.3543431040049205,0.30120481927710846,0.5903614457831325
A1A3,40,extra_trees,83,-0.06839007698321865,0.2780986463721594,0.3522124894068154,0.26506024096385544,0.6024096385542169
A1A3,40,mlp,83,-0.26722445159132674,0.8119794035151616,3.731380439208016,0.03614457831325301,0.10843373493975904
A1A3,40,cnn1d_waveform,83,-0.04778451150688948,0.2578452393435093,0.35236889323119136,0.27710843373493976,0.6265060240963856
A1A3,40,hybrid_support_gate_cnn,83,-0.0629734187871429,0.24812640515444503,0.34851312501834975,0.27710843373493976,0.6867469879518072
A1A3,41,topology_median,113,-0.018606913745401476,0.25702253441409134,0.3353336342762157,0.26548672566371684,0.6548672566371682
A1A3,41,ridge_log_charge,113,-0.02177363648499694,0.25184817947645377,0.3268409231984059,0.3008849557522124,0.6637168141592921
A1A3,41,huber_log_charge,113,-0.005530909084903343,0.2674726951281915,0.3364894144917787,0.2743362831858407,0.6637168141592921
A1A3,41,gradient_boosted_trees,113,-0.0391856897025663,0.26854740107493874,0.31590402701286957,0.3008849557522124,0.6548672566371682
A1A3,41,extra_trees,113,-0.04586921654004125,0.2575071946376244,0.312472605978316,0.3008849557522124,0.6637168141592921
A1A3,41,mlp,113,-0.09518450287796391,0.5946115454508778,142511647531206.44,0.1504424778761062,0.35398230088495575
A1A3,41,cnn1d_waveform,113,-0.01446028355621595,0.25617428917127355,0.3316279121766,0.2920353982300885,0.6637168141592921
A1A3,41,hybrid_support_gate_cnn,113,-0.023606130971834335,0.2556993513688451,0.32929450830208123,0.2831858407079646,0.6637168141592921
A1A3,42,topology_median,92,0.04744032495644669,0.266157091229324,0.32203804818637427,0.2608695652173913,0.6304347826086957
A1A3,42,ridge_log_charge,92,0.054777808550918475,0.26658172038234046,0.30933060353339786,0.2391304347826087,0.6413043478260869
A1A3,42,huber_log_charge,92,0.07768243915907816,0.27061949740025626,0.32263438209424766,0.22826086956521738,0.6304347826086957
A1A3,42,gradient_boosted_trees,92,0.0012936444555539267,0.26881342453466467,0.32742019261440336,0.25,0.6413043478260869
A1A3,42,extra_trees,92,0.02476172994674077,0.25932749101671004,0.3140480878553175,0.2391304347826087,0.6630434782608695
A1A3,42,mlp,92,-0.06563980605989102,0.6046113925282652,136.47753312575568,0.08695652173913043,0.25
A1A3,42,cnn1d_waveform,92,0.04805049423439334,0.26482398093089654,0.3184442525085355,0.2608695652173913,0.6413043478260869
A1A3,42,hybrid_support_gate_cnn,92,0.06572304757397057,0.2601811896044862,0.3228133114709932,0.25,0.6413043478260869
A1A3,44,topology_median,11,-0.029137599230214098,0.173496442550433,0.2023487888203532,0.45454545454545453,0.8181818181818182
A1A3,44,ridge_log_charge,11,-0.03907324794624263,0.13920069835023108,0.18716328274977662,0.5454545454545454,0.8181818181818182
A1A3,44,huber_log_charge,11,-0.028290249259256994,0.1593122324093976,0.18855610921594462,0.45454545454545453,0.9090909090909091
A1A3,44,gradient_boosted_trees,11,-0.05965341655110669,0.18064799396409836,0.20208857492546897,0.2727272727272727,0.8181818181818182
A1A3,44,extra_trees,11,-0.051769476147473924,0.1572308664115862,0.1939494498799921,0.36363636363636365,0.8181818181818182
A1A3,44,mlp,11,0.75232777551777,1.1859591169128438,1.5756062831720012,0.0,0.18181818181818182
A1A3,44,cnn1d_waveform,11,-0.04297485792037527,0.17441602719829347,0.19714322503437945,0.45454545454545453,0.8181818181818182
A1A3,44,hybrid_support_gate_cnn,11,-0.037225965611808076,0.16646652459728173,0.19624603171128738,0.45454545454545453,0.8181818181818182
A1A3,45,topology_median,91,0.017957668962480737,0.260193718832111,0.4732997101171474,0.38461538461538464,0.6703296703296703
A1A3,45,ridge_log_charge,91,-0.010001103760361058,0.253961834459173,0.45827518919212645,0.3956043956043956,0.6593406593406593
A1A3,45,huber_log_charge,91,0.014614546069903542,0.26042999016215373,0.4732099904099984,0.4065934065934066,0.6593406593406593
A1A3,45,gradient_boosted_trees,91,-0.0050406418561203085,0.24007064123915103,0.4598243409124296,0.38461538461538464,0.6923076923076923
A1A3,45,extra_trees,91,0.008447345356098226,0.26216386326161056,0.4560900839909188,0.4175824175824176,0.6593406593406593
A1A3,45,mlp,91,-0.10919175151522693,2.986882233946911,346.6445152613282,0.02197802197802198,0.08791208791208792
A1A3,45,cnn1d_waveform,91,0.014709891767002164,0.2524867315581194,0.47450616772883464,0.38461538461538464,0.6703296703296703
A1A3,45,hybrid_support_gate_cnn,91,0.006399646942468106,0.25651524713630647,0.47038116178944245,0.38461538461538464,0.6703296703296703
A1A3,47,topology_median,30,-0.10263364078352083,0.21554835447426268,0.2518548758145215,0.3333333333333333,0.8
A1A3,47,ridge_log_charge,30,-0.12134945975102786,0.2568459358255174,0.2581903639265138,0.3333333333333333,0.6666666666666666
A1A3,47,huber_log_charge,30,-0.10578708147361877,0.24029212310388873,0.25811922009441696,0.3333333333333333,0.7666666666666667
A1A3,47,gradient_boosted_trees,30,-0.11335920825366483,0.24225364875761735,0.24587075744057993,0.36666666666666664,0.7
A1A3,47,extra_trees,30,-0.13220593268856884,0.22885326818916618,0.26088217838296013,0.3,0.7
A1A3,47,mlp,30,-0.5998648336371465,0.9794020760550455,20.383412326569918,0.03333333333333333,0.1
A1A3,47,cnn1d_waveform,30,-0.11614211295855918,0.23538896003429127,0.25518111111873537,0.3333333333333333,0.7
A1A3,47,hybrid_support_gate_cnn,30,-0.10683496201754206,0.24917035147304908,0.26111105791618183,0.3333333333333333,0.6666666666666666
A1A3,48,topology_median,98,0.03416969771934843,0.2547216598044772,0.4380966877782027,0.32653061224489793,0.6632653061224489
A1A3,48,ridge_log_charge,98,-2.9192420999337755e-05,0.27135873954671075,0.4147725320235587,0.3673469387755102,0.6428571428571429
A1A3,48,huber_log_charge,98,0.023179834712984466,0.25664415268797225,0.4298933398856097,0.30612244897959184,0.6530612244897959
A1A3,48,gradient_boosted_trees,98,-0.006378672209821539,0.2666219660370683,0.40152321836820265,0.30612244897959184,0.6326530612244898
A1A3,48,extra_trees,98,0.002898618902291236,0.2670680121361106,0.4192548052918261,0.3469387755102041,0.6530612244897959
A1A3,48,mlp,98,-0.7855109243045271,0.9749295403556686,70.27848653528257,0.01020408163265306,0.04081632653061224
A1A3,48,cnn1d_waveform,98,0.030349531957042937,0.25569547267871234,0.4334506671619391,0.32653061224489793,0.6428571428571429
A1A3,48,hybrid_support_gate_cnn,98,0.019953080246931806,0.25608026166004494,0.42568788942107977,0.32653061224489793,0.6530612244897959
A1A3,49,topology_median,103,-0.03603981770208683,0.22121610537377484,0.3361592378760452,0.3106796116504854,0.7378640776699029
A1A3,49,ridge_log_charge,103,-0.046800630394926164,0.22277357318944058,0.3289700529964518,0.2912621359223301,0.7184466019417476
A1A3,49,huber_log_charge,103,-0.03239410391747256,0.23887678040348015,0.3393486683271302,0.3300970873786408,0.7087378640776699
A1A3,49,gradient_boosted_trees,103,-0.0582822522302151,0.23866778388014373,0.3380824871370619,0.27184466019417475,0.7184466019417476
A1A3,49,extra_trees,103,-0.0756033077656984,0.2451267489307207,0.3337044089306864,0.2621359223300971,0.6893203883495146
A1A3,49,mlp,103,-0.4884243786839754,0.898108035542442,14.508920438008076,0.05825242718446602,0.1650485436893204
A1A3,49,cnn1d_waveform,103,-0.03994598924953484,0.22615588687272128,0.33635706020445844,0.30097087378640774,0.7378640776699029
A1A3,49,hybrid_support_gate_cnn,103,-0.031226003425972416,0.2228701952463447,0.33817463493650063,0.3106796116504854,0.7087378640776699
A1A3,50,topology_median,15,-0.1556837550806346,0.27072963882460205,0.28567266633617977,0.13333333333333333,0.6666666666666666
A1A3,50,ridge_log_charge,15,-0.1744318233322086,0.2945024840484957,0.2884474230226145,0.13333333333333333,0.5333333333333333
A1A3,50,huber_log_charge,15,-0.14309493612542948,0.2835512933416189,0.287475753476658,0.13333333333333333,0.6
A1A3,50,gradient_boosted_trees,15,-0.14767911364934824,0.28588964484457496,0.2809448964263933,0.13333333333333333,0.5333333333333333
A1A3,50,extra_trees,15,-0.17155886813251064,0.33052675760236805,0.2979393012830597,0.13333333333333333,0.5333333333333333
A1A3,50,mlp,15,0.135900091998273,0.7639677714653709,49.986515722432564,0.0,0.13333333333333333
A1A3,50,cnn1d_waveform,15,-0.15717598662645862,0.28157904359746483,0.28755242041832707,0.13333333333333333,0.6
A1A3,50,hybrid_support_gate_cnn,15,-0.14948068051926844,0.2905429678295287,0.2892556706548205,0.13333333333333333,0.6
A1A3,51,topology_median,2,-0.3223114426565653,0.35728653436315927,0.3366353781094041,0.0,0.5
A1A3,51,ridge_log_charge,2,-0.3383668832214982,0.3740493262037373,0.3525854580112542,0.0,0.5
A1A3,51,huber_log_charge,2,-0.32201706735863045,0.35920567619316673,0.33818076686365306,0.0,0.5
A1A3,51,gradient_boosted_trees,2,-0.3746750421071096,0.41831226360560536,0.3937947983370555,0.0,0.0
A1A3,51,extra_trees,2,-0.3458437123248862,0.3773675880470375,0.3567572480090867,0.0,0.0
A1A3,51,mlp,2,-0.33777029090356697,0.3823390205535704,0.3597439523581267,0.0,0.5
A1A3,51,cnn1d_waveform,2,-0.32891079508095966,0.3636260824837802,0.342755477177454,0.0,0.5
A1A3,51,hybrid_support_gate_cnn,2,-0.318774738766645,0.35467285325698344,0.3340072021865432,0.0,0.5
A1A3,52,topology_median,2,0.1473893924451158,0.2302068290278871,0.2304442835341522,0.5,0.5
A1A3,52,ridge_log_charge,2,0.1192001414112672,0.21647819066246077,0.2105561174169765,0.5,0.5
A1A3,52,huber_log_charge,2,0.1459335618421607,0.2273148448072011,0.22769325925103667,0.5,0.5
A1A3,52,gradient_boosted_trees,2,0.10109712873469148,0.19322396400068947,0.18659036401767196,0.5,0.5
A1A3,52,extra_trees,2,0.11736654737238662,0.2155542767420581,0.20930504162909228,0.5,0.5
A1A3,52,mlp,2,-0.06559249488827573,0.3506757411148461,0.33357490459776024,0.0,0.0
A1A3,52,cnn1d_waveform,2,0.14013603844431563,0.22614988940978753,0.22474189863695776,0.5,0.5
A1A3,52,hybrid_support_gate_cnn,2,0.14407131002638635,0.22511427276428778,0.22532558703975494,0.5,0.5
A1A3,53,topology_median,3,0.23774857274225067,0.28526627787118697,0.2798108730204983,0.0,0.6666666666666666
A1A3,53,ridge_log_charge,3,0.20972611313787162,0.28141886517625264,0.27965211062809736,0.0,0.6666666666666666
A1A3,53,huber_log_charge,3,0.24132470047468638,0.2963857596974372,0.29410312262321076,0.0,0.6666666666666666
A1A3,53,gradient_boosted_trees,3,0.3062896692212045,0.3550137396856807,0.3290726022653205,0.0,0.3333333333333333
A1A3,53,extra_trees,3,0.20552904033072883,0.27838940535916995,0.2841105654930215,0.0,0.6666666666666666
A1A3,53,mlp,3,0.5191788545614454,1.069859754094277,1.1625844408438155,0.0,0.0
A1A3,53,cnn1d_waveform,3,0.2313716372035327,0.27853785578706725,0.27576252267944046,0.0,0.6666666666666666
A1A3,53,hybrid_support_gate_cnn,3,0.24846640137074216,0.29893876194045343,0.2905369604261829,0.0,0.6666666666666666
A1A3,54,topology_median,1,-0.030551426984341455,0.030551426984341455,0.030551426984341455,1.0,1.0
A1A3,54,ridge_log_charge,1,-0.07108743657810425,0.07108743657810425,0.07108743657810425,1.0,1.0
A1A3,54,huber_log_charge,1,-0.05720902402649924,0.05720902402649924,0.05720902402649924,1.0,1.0
A1A3,54,gradient_boosted_trees,1,-0.05451909014826796,0.05451909014826796,0.05451909014826796,1.0,1.0
A1A3,54,extra_trees,1,-0.0693751814066224,0.0693751814066224,0.0693751814066224,1.0,1.0
A1A3,54,mlp,1,-0.24210738270429663,0.24210738270429663,0.24210738270429663,0.0,1.0
A1A3,54,cnn1d_waveform,1,-0.049055929472743925,0.049055929472743925,0.049055929472743925,1.0,1.0
A1A3,54,hybrid_support_gate_cnn,1,-0.04152181480730832,0.04152181480730832,0.04152181480730832,1.0,1.0
A1A3,55,topology_median,2,-0.05083552287045459,0.3262107729776262,0.31207820989412977,0.0,0.0
A1A3,55,ridge_log_charge,2,-0.08329617635356407,0.3173630883745582,0.29920475525337376,0.0,0.5
A1A3,55,huber_log_charge,2,-0.05929717920051371,0.32654344756014314,0.3109035807418782,0.0,0.5
A1A3,55,gradient_boosted_trees,2,-0.007918958658442998,0.3349235968133725,0.3321671802094829,0.0,0.0
A1A3,55,extra_trees,2,-0.10172375505036747,0.31194868888066435,0.29351883312637983,0.0,0.5
A1A3,55,mlp,2,-0.16612178901022073,0.5543879497310394,0.5217373729976815,0.0,0.0
A1A3,55,cnn1d_waveform,2,-0.05860297891366763,0.32506344159058065,0.30956398810429675,0.0,0.5
A1A3,55,hybrid_support_gate_cnn,2,-0.0548263531192332,0.33043834395941224,0.31550111162289557,0.0,0.0
A1A3,56,topology_median,20,-0.05678883133341621,0.3144277219919952,0.3731810164888114,0.2,0.5
A1A3,56,ridge_log_charge,20,-0.07314457158044835,0.3075488005299124,0.3679936135739003,0.2,0.5
A1A3,56,huber_log_charge,20,-0.06346767190289387,0.33134354221714585,0.3766409426508012,0.2,0.45
A1A3,56,gradient_boosted_trees,20,-0.07477378283371952,0.31285673341425774,0.3718008336397525,0.2,0.5
A1A3,56,extra_trees,20,-0.07358821520820197,0.312528562484792,0.3633538560166698,0.2,0.5
A1A3,56,mlp,20,-0.04141941842173177,0.46574870298838195,2.50142381354651,0.15,0.35
A1A3,56,cnn1d_waveform,20,-0.05453154070963549,0.31680256120419165,0.37429553735756943,0.2,0.5
A1A3,56,hybrid_support_gate_cnn,20,-0.05363837636619463,0.3198774155567784,0.37243537446811203,0.2,0.5
A1A3,57,topology_median,110,-0.06224413975249016,0.2763681056357058,0.33925749044241893,0.2636363636363636,0.6181818181818182
A1A3,57,ridge_log_charge,110,-0.09784498740470304,0.28251292730715116,0.32618907391171176,0.24545454545454545,0.5727272727272728
A1A3,57,huber_log_charge,110,-0.07824503927223439,0.27998862917598516,0.3409604421891014,0.2545454545454545,0.6090909090909091
A1A3,57,gradient_boosted_trees,110,-0.09307660815518652,0.2798209483475338,0.34314998109508604,0.2818181818181818,0.6
A1A3,57,extra_trees,110,-0.07425715912249616,0.29454348147940584,0.3417392269117088,0.24545454545454545,0.5636363636363636
A1A3,57,mlp,110,-0.07356106600786555,0.7176644420843918,5699.046820438274,0.09090909090909091,0.22727272727272727
A1A3,57,cnn1d_waveform,110,-0.0701098447634675,0.2753793569114459,0.33425794241518936,0.2818181818181818,0.6090909090909091
A1A3,57,hybrid_support_gate_cnn,110,-0.0830650448705817,0.2783989598063161,0.3365806347758276,0.2636363636363636,0.6181818181818182
A1A3,58,topology_median,6,0.15578015812239832,0.2481078696718759,0.2953958630062104,0.16666666666666666,0.6666666666666666
A1A3,58,ridge_log_charge,6,0.11993442824076239,0.25428249621999943,0.2734571177530498,0.3333333333333333,0.6666666666666666
A1A3,58,huber_log_charge,6,0.13690801467384991,0.2487317815140319,0.28068229477924245,0.3333333333333333,0.6666666666666666
A1A3,58,gradient_boosted_trees,6,0.146869938656362,0.2493384408553915,0.3409684506795553,0.16666666666666666,0.6666666666666666
A1A3,58,extra_trees,6,0.12348169999337046,0.22947115970739973,0.282196785429027,0.3333333333333333,0.6666666666666666
A1A3,58,mlp,6,-0.8687979735376263,0.9728046572511412,0.8290273404682875,0.0,0.0
A1A3,58,cnn1d_waveform,6,0.14356980107439896,0.24973084715134092,0.28527118375745275,0.16666666666666666,0.6666666666666666
A1A3,58,hybrid_support_gate_cnn,6,0.14824551295615723,0.25481184009029856,0.2849174196181585,0.16666666666666666,0.6666666666666666
A1A3,59,topology_median,2,0.14661572873322506,0.18123058893119356,0.17533240974436404,0.5,1.0
A1A3,59,ridge_log_charge,2,0.10311060832423946,0.13544834315379212,0.13675048401566958,0.5,1.0
A1A3,59,huber_log_charge,2,0.1278502463914767,0.16442072128078217,0.16329460223740244,0.5,1.0
A1A3,59,gradient_boosted_trees,2,0.1258101293801276,0.14871881161169853,0.14098805251098814,0.5,1.0
A1A3,59,extra_trees,2,0.09749076865392561,0.12108647554364713,0.11747517796956322,0.5,1.0
A1A3,59,mlp,2,-0.797480578893957,0.8047237808148958,0.7977343469650526,0.0,0.0
A1A3,59,cnn1d_waveform,2,0.1410443435066031,0.17400089518312428,0.16814925726264848,0.5,1.0
A1A3,59,hybrid_support_gate_cnn,2,0.1325803202593776,0.1680176823500223,0.16512845698817993,0.5,1.0
A1A3,60,topology_median,1,0.07350790907882494,0.07350790907882494,0.07350790907882494,1.0,1.0
A1A3,60,ridge_log_charge,1,0.05555089917817244,0.05555089917817244,0.05555089917817244,1.0,1.0
A1A3,60,huber_log_charge,1,0.07173961582256233,0.07173961582256233,0.07173961582256233,1.0,1.0
A1A3,60,gradient_boosted_trees,1,0.000629491006357104,0.000629491006357104,0.000629491006357104,1.0,1.0
A1A3,60,extra_trees,1,0.05717159817507844,0.05717159817507844,0.05717159817507844,1.0,1.0
A1A3,60,mlp,1,1.0080958306766237,1.0080958306766237,1.0080958306766237,0.0,0.0
A1A3,60,cnn1d_waveform,1,0.05931646855891931,0.05931646855891931,0.05931646855891931,1.0,1.0
A1A3,60,hybrid_support_gate_cnn,1,0.06485073379137313,0.06485073379137313,0.06485073379137313,1.0,1.0
A1A3,62,topology_median,1,-0.09875785066294487,0.09875785066294487,0.09875785066294487,1.0,1.0
A1A3,62,ridge_log_charge,1,-0.1001180797170678,0.1001180797170678,0.1001180797170678,0.0,1.0
A1A3,62,huber_log_charge,1,-0.08971728908040633,0.08971728908040633,0.08971728908040633,1.0,1.0
A1A3,62,gradient_boosted_trees,1,-0.0710494133925579,0.0710494133925579,0.0710494133925579,1.0,1.0
A1A3,62,extra_trees,1,-0.05298772986716236,0.05298772986716236,0.05298772986716236,1.0,1.0
A1A3,62,mlp,1,1.4993083796977535,1.4993083796977535,1.4993083796977535,0.0,0.0
A1A3,62,cnn1d_waveform,1,-0.10207399249825541,0.10207399249825541,0.10207399249825541,0.0,1.0
A1A3,62,hybrid_support_gate_cnn,1,-0.09183432920446616,0.09183432920446616,0.09183432920446616,1.0,1.0
A1A3,63,topology_median,7,0.34791302174456384,0.4297718156069049,0.44235603412138863,0.0,0.14285714285714285
A1A3,63,ridge_log_charge,7,0.3446723007644706,0.3746794474897727,0.3928556746017637,0.0,0.14285714285714285
A1A3,63,huber_log_charge,7,0.3714563171674265,0.41076222861912765,0.4270437082602469,0.0,0.14285714285714285
A1A3,63,gradient_boosted_trees,7,0.3845228238317265,0.5004494302985008,0.4683729521348617,0.0,0.14285714285714285
A1A3,63,extra_trees,7,0.3232323593688648,0.3572951155606965,0.409204123633103,0.0,0.14285714285714285
A1A3,63,mlp,7,-0.3090497339523316,0.41237072050456614,0.39750809144481236,0.14285714285714285,0.2857142857142857
A1A3,63,cnn1d_waveform,7,0.34299384138340416,0.41998122574200714,0.4350580681099289,0.0,0.14285714285714285
A1A3,63,hybrid_support_gate_cnn,7,0.35620822984358075,0.39660152006623095,0.41827952295745435,0.0,0.14285714285714285
A1A3,64,topology_median,2,0.06896714958563845,0.22949355177238864,0.21597311092296262,0.0,0.5
A1A3,64,ridge_log_charge,2,0.06253853610900445,0.2236932948166837,0.2106756470536107,0.0,0.5
A1A3,64,huber_log_charge,2,0.07185032701639556,0.23357194654264182,0.219782121240131,0.0,0.5
A1A3,64,gradient_boosted_trees,2,0.02928120963852497,0.25423744001540993,0.24544903615169764,0.0,0.5
A1A3,64,extra_trees,2,0.07569977978188652,0.23204595229185904,0.2183370147864898,0.0,0.5
A1A3,64,mlp,2,-0.486050889826683,0.49371969854258974,0.4865174747163824,0.0,0.0
A1A3,64,cnn1d_waveform,2,0.0634986786435562,0.22557739829658954,0.212430267670215,0.0,0.5
A1A3,64,hybrid_support_gate_cnn,2,0.05637732390714166,0.2188024420631159,0.20635715413043265,0.0,0.5
A1A3,65,topology_median,1,0.21366044257429462,0.21366044257429462,0.21366044257429462,0.0,1.0
A1A3,65,ridge_log_charge,1,0.16009220206689226,0.16009220206689226,0.16009220206689226,0.0,1.0
A1A3,65,huber_log_charge,1,0.19783409867730442,0.19783409867730442,0.19783409867730442,0.0,1.0
A1A3,65,gradient_boosted_trees,1,0.15767744980711051,0.15767744980711051,0.15767744980711051,0.0,1.0
A1A3,65,extra_trees,1,0.10464774354615308,0.10464774354615308,0.10464774354615308,0.0,1.0
A1A3,65,mlp,1,-0.01841798398343976,0.01841798398343976,0.01841798398343976,1.0,1.0
A1A3,65,cnn1d_waveform,1,0.19993580817710485,0.19993580817710485,0.19993580817710485,0.0,1.0
A1A3,65,hybrid_support_gate_cnn,1,0.20149305425104258,0.20149305425104258,0.20149305425104258,0.0,1.0
A1_only,31,topology_median,9,0.030022992571630703,0.4025694926040496,0.5291427626542169,0.4444444444444444,0.4444444444444444
A1_only,31,ridge_log_charge,9,-0.12520652915392896,0.4571894738551904,0.47681014243673153,0.2222222222222222,0.4444444444444444
A1_only,31,huber_log_charge,9,-0.09375254009098506,0.4458303635583788,0.4874945857242748,0.3333333333333333,0.4444444444444444
A1_only,31,gradient_boosted_trees,9,-0.3254393979763075,0.5397385034536332,0.6460716681289692,0.1111111111111111,0.2222222222222222
A1_only,31,extra_trees,9,-0.13066351117471164,0.4592154848033288,0.5511409004729679,0.2222222222222222,0.4444444444444444
A1_only,31,mlp,9,-0.591454047519772,0.7666695060312596,1.5746097743141565,0.2222222222222222,0.2222222222222222
A1_only,31,cnn1d_waveform,9,-0.0473440228986116,0.4497268680857185,0.47845407248462585,0.4444444444444444,0.4444444444444444
A1_only,31,hybrid_support_gate_cnn,9,-0.07105623507693669,0.4485336789059128,0.49719626594990884,0.4444444444444444,0.4444444444444444
A1_only,32,topology_median,7,0.47277227722772275,0.5508269048454625,3.105417747280337,0.2857142857142857,0.42857142857142855
A1_only,32,ridge_log_charge,7,0.34806505885362526,0.5460536930156309,2.690053176900306,0.14285714285714285,0.2857142857142857
A1_only,32,huber_log_charge,7,0.45732987139964093,0.7901802070084529,2.8542695387613226,0.14285714285714285,0.2857142857142857
A1_only,32,gradient_boosted_trees,7,0.34538567045065766,0.5813880376441759,2.7707299928800357,0.0,0.2857142857142857
A1_only,32,extra_trees,7,0.6036461390620924,0.6729837345685068,2.365706020305228,0.14285714285714285,0.42857142857142855
A1_only,32,mlp,7,-0.15708808605528118,0.34732462829975624,1.6918345756314799,0.14285714285714285,0.2857142857142857
A1_only,32,cnn1d_waveform,7,0.42528051999535893,0.49650835885563843,2.995447655928165,0.14285714285714285,0.42857142857142855
A1_only,32,hybrid_support_gate_cnn,7,0.5065651387456491,0.5648120591257829,3.049621748645235,0.14285714285714285,0.42857142857142855
A1_only,33,topology_median,4,-0.23998473466341474,0.28033705125401903,0.26086562516160144,0.0,0.5
A1_only,33,ridge_log_charge,4,-0.33059729574851665,0.3965555173217689,0.3453993206243915,0.0,0.25
A1_only,33,huber_log_charge,4,-0.35955131483008607,0.4093021936016963,0.35759534717335606,0.0,0.25
A1_only,33,gradient_boosted_trees,4,-0.1864650311741346,0.1985815375445841,0.17865621116558872,0.25,1.0
A1_only,33,extra_trees,4,-0.24305907193401444,0.2656348862141008,0.28919707832569425,0.0,0.5
A1_only,33,mlp,4,-0.18179141701973162,0.7353877963742974,0.6605711309677463,0.0,0.0
A1_only,33,cnn1d_waveform,4,-0.27560588251837215,0.3142319373660861,0.2930403377445577,0.0,0.5
A1_only,33,hybrid_support_gate_cnn,4,-0.23010654158708377,0.284621365266996,0.2520036882040374,0.25,0.5
A1_only,34,topology_median,2,0.057444799020212156,0.21339749078922637,0.20109671054211403,0.0,0.5
A1_only,34,ridge_log_charge,2,0.0554395274884289,0.24084117043169684,0.22773408754051205,0.0,0.5
A1_only,34,huber_log_charge,2,0.09842957267759579,0.25671802395814053,0.24218735323197085,0.0,0.5
A1_only,34,gradient_boosted_trees,2,0.3436677320421995,0.4459751020135204,0.445948248019434,0.5,0.5
A1_only,34,extra_trees,2,0.12761842417576574,0.32494882444486706,0.3068076224920941,0.0,0.5
A1_only,34,mlp,2,1.9534836659712067,3.070633007698852,3.0692965370462297,0.0,0.0
A1_only,34,cnn1d_waveform,2,0.08112249876560224,0.2275142443710957,0.2142609935165786,0.0,0.5
A1_only,34,hybrid_support_gate_cnn,2,-0.029147841442822467,0.18887670625413044,0.1807491736838712,0.0,1.0
A1_only,35,topology_median,5,-0.047760210803689064,0.4653618498596482,0.41629605330369496,0.2,0.6
A1_only,35,ridge_log_charge,5,-0.23895534506036514,0.3190264204093541,0.29504359751867265,0.0,0.2
A1_only,35,huber_log_charge,5,-0.06178949177191446,0.34819329000443827,0.2858403861355636,0.2,0.6
A1_only,35,gradient_boosted_trees,5,0.02208235168041465,0.39410024016079903,0.5111366798678888,0.4,0.6
A1_only,35,extra_trees,5,-0.05873462581744218,0.39161165070340204,0.38174998193339776,0.2,0.4
A1_only,35,mlp,5,-0.8165999360504,0.9402132170664932,1.674359866155765,0.0,0.0
A1_only,35,cnn1d_waveform,5,-0.11009439460844862,0.4049825177982418,0.36677850115258864,0.0,0.6
A1_only,35,hybrid_support_gate_cnn,5,-0.09381304553689064,0.4428738092473851,0.39916979032555366,0.2,0.6
A1_only,36,topology_median,4,-0.11466695574384636,0.19787707091891651,0.17725871867185208,0.25,0.75
A1_only,36,ridge_log_charge,4,-0.2664134174369151,0.3918231962443957,0.3033577598265513,0.0,0.5
A1_only,36,huber_log_charge,4,-0.2203582802947496,0.4035877531566446,0.3248433359988143,0.5,0.5
A1_only,36,gradient_boosted_trees,4,0.025788186046496124,0.2327631204161485,0.2294673819919163,0.5,0.75
A1_only,36,extra_trees,4,-0.11317198381192238,0.22564814510020953,0.23637399899185071,0.5,0.75
A1_only,36,mlp,4,-0.2939622104374469,6.380780226933404e+21,7.975975283666748e+22,0.25,0.25
A1_only,36,cnn1d_waveform,4,-0.20924236392007906,0.32057599067764486,0.2386725511002639,0.5,0.5
A1_only,36,hybrid_support_gate_cnn,4,-0.17854984616626476,0.27034918216809223,0.21437144931449842,0.5,0.5
A1_only,37,topology_median,3,-0.15058028500073453,0.4366266003147463,0.5473599978463888,0.0,0.6666666666666666
A1_only,37,ridge_log_charge,3,-0.2125773116135232,0.5628116416465863,0.5263905118809534,0.0,0.3333333333333333
A1_only,37,huber_log_charge,3,-0.12468846429548676,0.5659624224636716,0.5634837098194663,0.0,0.3333333333333333
A1_only,37,gradient_boosted_trees,3,-0.28064744816266235,0.7494867059990602,0.9150562259386411,0.0,0.0
A1_only,37,extra_trees,3,-0.19688329624876794,0.4931111755854466,0.5702781217254315,0.0,0.6666666666666666
A1_only,37,mlp,3,-0.48701198930472533,3.40149036758028,4.965554606453588,0.0,0.0
A1_only,37,cnn1d_waveform,3,-0.2638693538131703,0.41153825013796286,0.4382736942859473,0.0,0.0
A1_only,37,hybrid_support_gate_cnn,3,-0.17692876389642082,0.4082809900504296,0.4836808267484001,0.0,0.6666666666666666
A1_only,39,topology_median,9,-0.15590915882265052,0.32298685332290444,0.41675243301022435,0.1111111111111111,0.5555555555555556
A1_only,39,ridge_log_charge,9,-0.3112361514133906,0.37088356434200503,0.45719720757648685,0.1111111111111111,0.3333333333333333
A1_only,39,huber_log_charge,9,-0.22369315055748257,0.2946489383458442,0.4020919325771227,0.0,0.4444444444444444
A1_only,39,gradient_boosted_trees,9,-0.1264720854020542,0.48972361466522235,0.6510073830672322,0.2222222222222222,0.4444444444444444
A1_only,39,extra_trees,9,-0.26604704020034575,0.3690921113586719,0.5123277385576377,0.1111111111111111,0.3333333333333333
A1_only,39,mlp,9,-0.6021294394111331,5.585807533423831,906.4025211162333,0.0,0.0
A1_only,39,cnn1d_waveform,9,-0.1951315010785522,0.3049945523627379,0.4029406691779835,0.1111111111111111,0.4444444444444444
A1_only,39,hybrid_support_gate_cnn,9,-0.06978110292469744,0.3149787278420374,0.4390117544267779,0.3333333333333333,0.5555555555555556
A1_only,40,topology_median,6,0.34168531811292324,0.5906029535178483,0.6007230314312966,0.16666666666666666,0.3333333333333333
A1_only,40,ridge_log_charge,6,0.1253895870882714,0.42958501225278756,0.4138004713413673,0.16666666666666666,0.5
A1_only,40,huber_log_charge,6,0.29298598456849206,0.4796295511725489,0.45839782808013957,0.16666666666666666,0.5
A1_only,40,gradient_boosted_trees,6,0.244274992338329,0.5344265287880927,0.669866952074755,0.0,0.3333333333333333
A1_only,40,extra_trees,6,0.2181078543767504,0.537916676489045,0.5093309756216654,0.0,0.16666666666666666
A1_only,40,mlp,6,-0.703185809331265,0.969794819973887,81.88623974688757,0.0,0.0
A1_only,40,cnn1d_waveform,6,0.25625202124364127,0.4983867518305749,0.53400076152923,0.0,0.5
A1_only,40,hybrid_support_gate_cnn,6,0.24100109048168314,0.5033207289019959,0.5367680458664448,0.0,0.3333333333333333
A1_only,41,topology_median,7,0.09314875645236978,0.24213506138821683,0.5265806248908222,0.2857142857142857,0.7142857142857143
A1_only,41,ridge_log_charge,7,-0.196352973074301,0.27161403818695934,0.4185892541823167,0.0,0.2857142857142857
A1_only,41,huber_log_charge,7,0.1083905986173382,0.2738661521971144,0.5000662553781814,0.14285714285714285,0.5714285714285714
A1_only,41,gradient_boosted_trees,7,-0.028051979640182773,0.5271546276445035,0.36244719427838423,0.2857142857142857,0.5714285714285714
A1_only,41,extra_trees,7,-0.0019185659187333094,0.3662131782409657,0.37319755393314497,0.42857142857142855,0.42857142857142855
A1_only,41,mlp,7,0.8230644306763458,1.1885986725458735,10.208159483689002,0.0,0.0
A1_only,41,cnn1d_waveform,7,0.059449880484514314,0.26757025817956526,0.4958866011752265,0.42857142857142855,0.5714285714285714
A1_only,41,hybrid_support_gate_cnn,7,0.07121189069099014,0.24473741182333306,0.5789550843732746,0.2857142857142857,0.7142857142857143
A1_only,42,topology_median,7,0.2797074954296161,0.6348364112455979,2.818347326778841,0.2857142857142857,0.2857142857142857
A1_only,42,ridge_log_charge,7,0.12255799882903244,0.7271686120271601,2.4036414219088127,0.2857142857142857,0.5714285714285714
A1_only,42,huber_log_charge,7,0.17369472714719017,0.7177111811559423,2.4581141888313054,0.2857142857142857,0.5714285714285714
A1_only,42,gradient_boosted_trees,7,0.02326101782543721,0.8400304499323537,2.218190964035006,0.2857142857142857,0.42857142857142855
A1_only,42,extra_trees,7,0.12712632679052244,0.7994130486459727,2.1214201972662714,0.2857142857142857,0.42857142857142855
A1_only,42,mlp,7,1.2199541313774378,45.67945639989917,239777708.2294164,0.0,0.0
A1_only,42,cnn1d_waveform,7,0.2353213173123454,0.6726910527375181,2.787225908875893,0.2857142857142857,0.42857142857142855
A1_only,42,hybrid_support_gate_cnn,7,0.2673651484702656,0.6623004361601343,2.843054571364173,0.2857142857142857,0.2857142857142857
A1_only,44,topology_median,1,-0.5556238711908696,0.5556238711908696,0.5556238711908696,0.0,0.0
A1_only,44,ridge_log_charge,1,-0.6191725535580106,0.6191725535580106,0.6191725535580106,0.0,0.0
A1_only,44,huber_log_charge,1,-0.5929856073083394,0.5929856073083394,0.5929856073083394,0.0,0.0
A1_only,44,gradient_boosted_trees,1,-0.6552649107671673,0.6552649107671673,0.6552649107671673,0.0,0.0
A1_only,44,extra_trees,1,-0.6229211170202168,0.6229211170202168,0.6229211170202168,0.0,0.0
A1_only,44,mlp,1,-0.9293992381184396,0.9293992381184396,0.9293992381184396,0.0,0.0
A1_only,44,cnn1d_waveform,1,-0.6040824688136456,0.6040824688136456,0.6040824688136456,0.0,0.0
A1_only,44,hybrid_support_gate_cnn,1,-0.562509194090324,0.562509194090324,0.562509194090324,0.0,0.0
A1_only,45,topology_median,10,-0.07090094640451144,0.4375071748003877,0.3549117260895717,0.2,0.5
A1_only,45,ridge_log_charge,10,-0.19603252636000648,0.3124463333944902,0.3080364281314598,0.1,0.5
A1_only,45,huber_log_charge,10,-0.15972344039521347,0.3137839160905812,0.34149527213059105,0.1,0.4
A1_only,45,gradient_boosted_trees,10,-0.1593297969383093,0.4016539602550344,0.3720355663008947,0.1,0.4
A1_only,45,extra_trees,10,-0.21424736882295792,0.3460731559121801,0.31391523941768795,0.1,0.4
A1_only,45,mlp,10,-0.656651916617027,0.9710601397636467,380059.87435587234,0.0,0.0
A1_only,45,cnn1d_waveform,10,-0.08991749254933978,0.4209970770540057,0.34633034749715247,0.2,0.6
A1_only,45,hybrid_support_gate_cnn,10,-0.11398518170692845,0.37354655087606037,0.32771000640060305,0.0,0.6
A1_only,48,topology_median,11,0.013187478381182982,0.2954331953912486,0.6521852127687597,0.18181818181818182,0.5454545454545454
A1_only,48,ridge_log_charge,11,-0.09062632518829782,0.34935702289044296,0.5287732076516518,0.2727272727272727,0.45454545454545453
A1_only,48,huber_log_charge,11,0.013799514212923053,0.36722361580602625,0.5139515081743814,0.09090909090909091,0.5454545454545454
A1_only,48,gradient_boosted_trees,11,-0.21362832063012616,0.41790452361973995,0.4042792502167654,0.09090909090909091,0.2727272727272727
A1_only,48,extra_trees,11,-0.03544376667187132,0.3276945435752059,0.48900381692009925,0.2727272727272727,0.5454545454545454
A1_only,48,mlp,11,0.340397770751517,1.7572523830210245,2.808444192130579,0.0,0.18181818181818182
A1_only,48,cnn1d_waveform,11,-0.05645973630447942,0.2383624343726449,0.5866979472849992,0.18181818181818182,0.7272727272727273
A1_only,48,hybrid_support_gate_cnn,11,-0.08133294532060706,0.2508480427216511,0.5670683021162238,0.18181818181818182,0.6363636363636364
A1_only,49,topology_median,14,-0.18229229270327252,0.4527062721126406,0.6940998602782077,0.07142857142857142,0.35714285714285715
A1_only,49,ridge_log_charge,14,-0.27695666115644973,0.48273114680734286,0.6505967272446223,0.07142857142857142,0.21428571428571427
A1_only,49,huber_log_charge,14,-0.21512626722931436,0.5528222535709084,0.692509615229077,0.0,0.35714285714285715
A1_only,49,gradient_boosted_trees,14,-0.15988445089596642,0.5334787110268294,0.633407035083019,0.14285714285714285,0.42857142857142855
A1_only,49,extra_trees,14,-0.2595195658960764,0.4900385454638364,0.5974040252976328,0.07142857142857142,0.21428571428571427
A1_only,49,mlp,14,-0.5284376589403471,0.9560325299854384,23.034036580403136,0.07142857142857142,0.07142857142857142
A1_only,49,cnn1d_waveform,14,-0.09909306496012753,0.5283221020934862,0.787574634663137,0.14285714285714285,0.5714285714285714
A1_only,49,hybrid_support_gate_cnn,14,-0.22272922438008816,0.39689845500682797,0.6648766457732498,0.07142857142857142,0.21428571428571427
A1_only,50,topology_median,6,0.8077816828819953,0.8241481607446527,0.7097693053632571,0.0,0.0
A1_only,50,ridge_log_charge,6,0.5754708887934783,0.6006488078006188,0.5732554284472755,0.0,0.0
A1_only,50,huber_log_charge,6,0.6672142127344471,0.7100155710822641,0.6423450806813018,0.0,0.0
A1_only,50,gradient_boosted_trees,6,0.13087194214564857,0.39569395473849817,0.47241181272261945,0.16666666666666666,0.5
A1_only,50,extra_trees,6,0.44421506013849216,0.522723274552392,0.6734787694171323,0.0,0.0
A1_only,50,mlp,6,-0.3107964987685509,0.636204051807393,0.5256797736206813,0.16666666666666666,0.5
A1_only,50,cnn1d_waveform,6,0.6756173256762538,0.6894904375771592,0.6006931346713466,0.0,0.0
A1_only,50,hybrid_support_gate_cnn,6,0.8274461331636551,0.8644736467571321,0.754252056227231,0.0,0.0
A1_only,51,topology_median,5,0.38254247217340365,0.5453662080899435,1.8332856873306291,0.0,0.0
A1_only,51,ridge_log_charge,5,0.2934046783387201,0.5206707288961139,1.6240995477732825,0.0,0.2
A1_only,51,huber_log_charge,5,0.24399340626550178,0.5491150101051901,1.695429664373701,0.0,0.4
A1_only,51,gradient_boosted_trees,5,0.22807404984519572,0.5536330605839535,1.9552964310925658,0.0,0.4
A1_only,51,extra_trees,5,0.17342884495850572,0.6249034214939686,1.2844521327015794,0.2,0.4
A1_only,51,mlp,5,0.08643928814001381,2.198204611563248,2213781521804128.0,0.4,0.6
A1_only,51,cnn1d_waveform,5,0.3424833864235501,0.5449309826247144,1.8289499811314167,0.0,0.0
A1_only,51,hybrid_support_gate_cnn,5,0.23605672415055654,0.5407418082241465,1.7441071932968157,0.0,0.4
A1_only,53,topology_median,6,-0.08429654055587654,1.2263546094229736,1.617874951157794,0.16666666666666666,0.3333333333333333
A1_only,53,ridge_log_charge,6,-0.18328842623486175,1.1339987695695684,1.5212730215685468,0.16666666666666666,0.16666666666666666
A1_only,53,huber_log_charge,6,-0.11647011534530595,1.0627620670714615,1.543439719902499,0.16666666666666666,0.16666666666666666
A1_only,53,gradient_boosted_trees,6,-0.15134238791338545,1.3679635800527286,1.6156695078419674,0.16666666666666666,0.16666666666666666
A1_only,53,extra_trees,6,-0.15972202709894098,1.1222386370909918,1.6317130349344264,0.16666666666666666,0.16666666666666666
A1_only,53,mlp,6,-0.5302042110685466,1.1227178794400092,1.760666168210563,0.0,0.0
A1_only,53,cnn1d_waveform,6,-0.13182139423370345,1.1726291980379466,1.5062461028561116,0.0,0.3333333333333333
A1_only,53,hybrid_support_gate_cnn,6,-0.051338696757753044,1.280327223416884,1.7185417842287276,0.3333333333333333,0.3333333333333333
A1_only,54,topology_median,13,-0.12708058124174373,0.39946822674289767,1.8898580347468148,0.15384615384615385,0.38461538461538464
A1_only,54,ridge_log_charge,13,-0.26131985294363314,0.5117660600314322,1.6398508838110537,0.23076923076923078,0.23076923076923078
A1_only,54,huber_log_charge,13,-0.1719531216182573,0.49404329964882876,1.8521688988559948,0.15384615384615385,0.3076923076923077
A1_only,54,gradient_boosted_trees,13,-0.062217140263811886,0.49926926457199217,1.5521959781435979,0.15384615384615385,0.38461538461538464
A1_only,54,extra_trees,13,-0.3787976654319962,0.519983559326251,1.533142885285076,0.23076923076923078,0.3076923076923077
A1_only,54,mlp,13,-0.6946433817448522,0.8048010046744648,3.4913909527049705,0.07692307692307693,0.07692307692307693
A1_only,54,cnn1d_waveform,13,-0.14642975089639554,0.41215636302253916,1.8375380575843459,0.15384615384615385,0.38461538461538464
A1_only,54,hybrid_support_gate_cnn,13,-0.1795043876203057,0.4179048756622048,1.9404482692541378,0.23076923076923078,0.38461538461538464
A1_only,55,topology_median,7,0.28972428302513564,0.6987958837253224,1.2692356490520755,0.0,0.14285714285714285
A1_only,55,ridge_log_charge,7,0.11843179680358759,0.6799756264546614,1.2243094928845488,0.0,0.14285714285714285
A1_only,55,huber_log_charge,7,0.1399064027858013,0.712091642728637,1.392175509538605,0.0,0.14285714285714285
A1_only,55,gradient_boosted_trees,7,-0.09821551509710717,0.7646715870230888,0.7576558987958766,0.2857142857142857,0.42857142857142855
A1_only,55,extra_trees,7,0.2735615794751884,0.7217516650538849,0.946394797057146,0.0,0.14285714285714285
A1_only,55,mlp,7,-0.24197970134415808,0.9299839606479936,135402781.8833946,0.0,0.14285714285714285
A1_only,55,cnn1d_waveform,7,0.24197944925811096,0.683254109369512,1.1724745287241536,0.0,0.2857142857142857
A1_only,55,hybrid_support_gate_cnn,7,0.18611122885754622,0.7117243675191688,1.178724876070754,0.0,0.14285714285714285
A1_only,56,topology_median,2,4.5569095307075465,5.483074906305637,5.232983382382125,0.0,0.0
A1_only,56,ridge_log_charge,2,4.109331490146708,5.036538783682198,4.849762476313966,0.0,0.0
A1_only,56,huber_log_charge,2,4.469823540394922,5.462410218244662,5.251799005957118,0.0,0.0
A1_only,56,gradient_boosted_trees,2,4.909022188654682,5.6073700389183765,5.278402865585333,0.0,0.0
A1_only,56,extra_trees,2,4.91260860239386,5.842492666582636,5.550285632429247,0.0,0.0
A1_only,56,mlp,2,11.977440410469711,14.071643933917517,13.315377089651005,0.0,0.0
A1_only,56,cnn1d_waveform,2,4.216569060377316,5.088021753215287,4.862021436445023,0.0,0.0
A1_only,56,hybrid_support_gate_cnn,2,4.547679348726166,5.455345376999715,5.199837836937791,0.0,0.0
A1_only,57,topology_median,7,-0.06273301993840169,0.6705697399354973,0.796337645904097,0.14285714285714285,0.5714285714285714
A1_only,57,ridge_log_charge,7,-0.0020542458864769853,0.5421281184443969,0.6608522479324248,0.14285714285714285,0.2857142857142857
A1_only,57,huber_log_charge,7,-0.08305836872572049,0.7392833041404421,1.747409113760418,0.14285714285714285,0.14285714285714285
A1_only,57,gradient_boosted_trees,7,-0.051286419611035666,0.4418766540866576,0.5327290221441322,0.14285714285714285,0.2857142857142857
A1_only,57,extra_trees,7,-0.02635344038103206,0.5605664727493088,0.4588171037472879,0.2857142857142857,0.42857142857142855
A1_only,57,mlp,7,1.2528776495705547,12.096732776224911,64303.382237434016,0.0,0.0
A1_only,57,cnn1d_waveform,7,0.003131601176244124,0.6557925246783687,0.8965665576844482,0.2857142857142857,0.42857142857142855
A1_only,57,hybrid_support_gate_cnn,7,-0.09629477718734802,0.6676005121094428,0.8134116888678797,0.14285714285714285,0.2857142857142857
A1_only,62,topology_median,2,-0.027373728358599775,0.38642906394069765,0.3775681281856759,0.0,0.0
A1_only,62,ridge_log_charge,2,-0.259416619637059,0.42234118143806215,0.41893421136514514,0.5,0.5
A1_only,62,huber_log_charge,2,-0.15447348195369706,0.5919793733452464,0.5581699336217263,0.0,0.0
A1_only,62,gradient_boosted_trees,2,-0.6090194758368521,0.6490338869615588,0.6190793958123664,0.0,0.0
A1_only,62,extra_trees,2,-0.2598290645454254,0.3732866007375978,0.3817985898585354,0.5,0.5
A1_only,62,mlp,2,29077.60694431572,39543.1741343624,41117.28867326978,0.0,0.0
A1_only,62,cnn1d_waveform,2,-0.021171916874280966,0.4702229584847239,0.46308530375967344,0.0,0.0
A1_only,62,hybrid_support_gate_cnn,2,1.9670980802121454,2.56581429213367,2.5759228298246453,0.0,0.0
A1_only,64,topology_median,1,-0.16251448435689456,0.16251448435689456,0.16251448435689456,0.0,1.0
A1_only,64,ridge_log_charge,1,-0.29571707925940116,0.29571707925940116,0.29571707925940116,0.0,0.0
A1_only,64,huber_log_charge,1,-0.22822635318366807,0.22822635318366807,0.22822635318366807,0.0,1.0
A1_only,64,gradient_boosted_trees,1,-0.4955845842535905,0.4955845842535905,0.4955845842535905,0.0,0.0
A1_only,64,extra_trees,1,-0.47096281293262504,0.47096281293262504,0.47096281293262504,0.0,0.0
A1_only,64,mlp,1,-0.5751013919010406,0.5751013919010406,0.5751013919010406,0.0,0.0
A1_only,64,cnn1d_waveform,1,-0.16695951282770857,0.16695951282770857,0.16695951282770857,0.0,1.0
A1_only,64,hybrid_support_gate_cnn,1,-0.08562221062970742,0.08562221062970742,0.08562221062970742,1.0,1.0
A1_only,65,topology_median,1,0.10497106536381748,0.10497106536381748,0.10497106536381748,0.0,1.0
A1_only,65,ridge_log_charge,1,0.03803903877365422,0.03803903877365422,0.03803903877365422,1.0,1.0
A1_only,65,huber_log_charge,1,0.2596462283352274,0.2596462283352274,0.2596462283352274,0.0,0.0
A1_only,65,gradient_boosted_trees,1,-0.2257737470637273,0.2257737470637273,0.2257737470637273,0.0,1.0
A1_only,65,extra_trees,1,-0.15148844257402047,0.15148844257402047,0.15148844257402047,0.0,1.0
A1_only,65,mlp,1,-0.4721958246490254,0.4721958246490254,0.4721958246490254,0.0,0.0
A1_only,65,cnn1d_waveform,1,0.09183902811047338,0.09183902811047338,0.09183902811047338,1.0,1.0
A1_only,65,hybrid_support_gate_cnn,1,0.02472868219926952,0.02472868219926952,0.02472868219926952,1.0,1.0
A3_only,31,topology_median,140,0.13565064647287514,0.45058794244867617,0.5449908424189326,0.12142857142857143,0.37142857142857144
A3_only,31,ridge_log_charge,140,0.06254560978974254,0.4113711031815753,0.49584612719592325,0.15,0.35
A3_only,31,huber_log_charge,140,0.0926361288359826,0.41838129216363984,0.5254728008514622,0.12142857142857143,0.35714285714285715
A3_only,31,gradient_boosted_trees,140,0.07938916159029152,0.4193507579579071,0.5188684046052164,0.15,0.37857142857142856
A3_only,31,extra_trees,140,0.0699959415418851,0.4117373367547354,0.4951623334457484,0.15714285714285714,0.32857142857142857
A3_only,31,mlp,140,-0.07120731033934011,0.5436587789342497,0.7006214843678814,0.11428571428571428,0.3357142857142857
A3_only,31,cnn1d_waveform,140,0.0896773199426476,0.41523973112281093,0.5132702796047502,0.14285714285714285,0.35
A3_only,31,hybrid_support_gate_cnn,140,0.09935573202125217,0.4242666494572305,0.510530695257554,0.12857142857142856,0.35714285714285715
A3_only,32,topology_median,128,0.1318196863066965,0.43546161975092923,0.536345812847939,0.1875,0.4296875
A3_only,32,ridge_log_charge,128,0.06918818188683268,0.41477271123270243,0.47910945319150733,0.1484375,0.40625
A3_only,32,huber_log_charge,128,0.08566690552038575,0.43886440401566673,0.5092604022911222,0.15625,0.4140625
A3_only,32,gradient_boosted_trees,128,0.07219591099819335,0.41433262881667193,0.4755834344910265,0.140625,0.421875
A3_only,32,extra_trees,128,0.055977090846954236,0.4170036506609527,0.48265809835701134,0.140625,0.3984375
A3_only,32,mlp,128,0.1527744448477601,0.5332883960525897,0.9036803254862922,0.109375,0.2734375
A3_only,32,cnn1d_waveform,128,0.098494974068009,0.4285834463257889,0.5081806027194558,0.1640625,0.390625
A3_only,32,hybrid_support_gate_cnn,128,0.09054338084596822,0.43567273043321186,0.5136751658441926,0.171875,0.40625
A3_only,33,topology_median,3,-0.39404484163074854,0.4861750357000351,0.4758735835207422,0.0,0.0
A3_only,33,ridge_log_charge,3,-0.4370778413760073,0.48381124933630787,0.4729701544571684,0.0,0.0
A3_only,33,huber_log_charge,3,-0.4231026796527956,0.4883580903560558,0.4793771626377104,0.0,0.0
A3_only,33,gradient_boosted_trees,3,-0.41745695193987215,0.4603913290304533,0.4520239726703649,0.0,0.0
A3_only,33,extra_trees,3,-0.42452984999869264,0.47132133728238546,0.4567926287528301,0.0,0.0
A3_only,33,mlp,3,0.15410315829010124,0.2328554210973817,0.24859238463451744,0.0,0.6666666666666666
A3_only,33,cnn1d_waveform,3,-0.41771581455870144,0.4855469434033324,0.47353532692213235,0.0,0.0
A3_only,33,hybrid_support_gate_cnn,3,-0.4156418984044446,0.4808191348451517,0.46864040079901215,0.0,0.0
A3_only,34,topology_median,9,-0.017567480925819067,0.38545555743010856,1.3310949116949078,0.2222222222222222,0.3333333333333333
A3_only,34,ridge_log_charge,9,-0.07679916439674782,0.4236733593083283,1.2075130372000331,0.2222222222222222,0.2222222222222222
A3_only,34,huber_log_charge,9,-0.0477545246593503,0.40803554745583537,1.2354074576437186,0.2222222222222222,0.2222222222222222
A3_only,34,gradient_boosted_trees,9,-0.12015994944959428,0.4192066896136877,1.2369157259069896,0.1111111111111111,0.3333333333333333
A3_only,34,extra_trees,9,-0.08512115362137378,0.4239572456562548,1.2168439431160811,0.2222222222222222,0.2222222222222222
A3_only,34,mlp,9,-0.2492453071628232,0.44491313721851344,0.7975011081041541,0.1111111111111111,0.3333333333333333
A3_only,34,cnn1d_waveform,9,-0.049077384172437004,0.40491476592858966,1.2830434207381054,0.2222222222222222,0.3333333333333333
A3_only,34,hybrid_support_gate_cnn,9,-0.04702382920192986,0.40786420650549376,1.2535700220850365,0.2222222222222222,0.2222222222222222
A3_only,35,topology_median,149,0.031604374958062134,0.42225881116481384,0.5046622102226392,0.14093959731543623,0.5033557046979866
A3_only,35,ridge_log_charge,149,-0.030127022308676043,0.39072108481710804,0.4660147725829178,0.19463087248322147,0.47651006711409394
A3_only,35,huber_log_charge,149,0.0089905835809215,0.3905137823609213,0.4868923743388021,0.15436241610738255,0.5033557046979866
A3_only,35,gradient_boosted_trees,149,-0.023862875509582188,0.40265778087432785,0.4520295451742047,0.16778523489932887,0.4697986577181208
A3_only,35,extra_trees,149,-0.03661484700892153,0.38803367707997644,0.45509295777855746,0.20134228187919462,0.48322147651006714
A3_only,35,mlp,149,-0.007786664375357286,0.48701389874068385,46.38425996680401,0.1342281879194631,0.38926174496644295
A3_only,35,cnn1d_waveform,149,-0.0002507753262765886,0.38867810724082325,0.47865004796725913,0.1610738255033557,0.5033557046979866
A3_only,35,hybrid_support_gate_cnn,149,0.007445210251804628,0.39257154832739327,0.4881573785738903,0.1476510067114094,0.4966442953020134
A3_only,36,topology_median,194,-0.018917026161080267,0.4067590883379508,0.5681766274910962,0.2268041237113402,0.4381443298969072
A3_only,36,ridge_log_charge,194,-0.07101642724022568,0.403998819421288,0.5298001061639293,0.17010309278350516,0.41237113402061853
A3_only,36,huber_log_charge,194,-0.029021409469465943,0.4035600286120561,0.552420699613228,0.18041237113402062,0.422680412371134
A3_only,36,gradient_boosted_trees,194,-0.06366634990932,0.41258534419467346,0.5504131052050056,0.16494845360824742,0.4175257731958763
A3_only,36,extra_trees,194,-0.055560639740809104,0.41134978206364886,0.5272521209437162,0.18041237113402062,0.41237113402061853
A3_only,36,mlp,194,0.014996144047630548,0.5367845156721416,1.4082249780443217,0.17525773195876287,0.34536082474226804
A3_only,36,cnn1d_waveform,194,-0.036094052811711505,0.40342431559436004,0.5516894010213071,0.18556701030927836,0.44329896907216493
A3_only,36,hybrid_support_gate_cnn,194,-0.03537561011205857,0.39997918554101686,0.5492810031404276,0.17525773195876287,0.4175257731958763
A3_only,37,topology_median,185,-0.09541393686718284,0.38146817093791,0.5058365072810681,0.15675675675675677,0.43783783783783786
A3_only,37,ridge_log_charge,185,-0.14150457207454475,0.4093946282931701,0.4759194572861862,0.15135135135135136,0.41621621621621624
A3_only,37,huber_log_charge,185,-0.10818483053698223,0.3972338663610013,0.4954976821699655,0.16216216216216217,0.4486486486486487
A3_only,37,gradient_boosted_trees,185,-0.14590507695764668,0.4143007930070327,0.48113781310338927,0.12972972972972974,0.42162162162162165
A3_only,37,extra_trees,185,-0.14362748782206253,0.40398274339354057,0.4756081850628939,0.14594594594594595,0.42702702702702705
A3_only,37,mlp,185,-0.1109519100522969,0.5601281171706017,1.4817712124465883,0.11891891891891893,0.32432432432432434
A3_only,37,cnn1d_waveform,185,-0.11293337505583681,0.39434872092778284,0.4929881298538259,0.15135135135135136,0.43243243243243246
A3_only,37,hybrid_support_gate_cnn,185,-0.11021517371340107,0.3947062810924483,0.49461862300291176,0.15675675675675677,0.43243243243243246
A3_only,39,topology_median,195,-0.020176787086856263,0.35675366071181513,0.47237509294656466,0.1641025641025641,0.47692307692307695
A3_only,39,ridge_log_charge,195,-0.07943505096002645,0.3735948052324398,0.43852681502504687,0.15897435897435896,0.4358974358974359
A3_only,39,huber_log_charge,195,-0.045464153274664604,0.3643773332230722,0.4572872618851583,0.1641025641025641,0.4564102564102564
A3_only,39,gradient_boosted_trees,195,-0.08245930436395138,0.3870178408896377,0.4483980673800027,0.1641025641025641,0.40512820512820513
A3_only,39,extra_trees,195,-0.08426886762233543,0.3757524117027967,0.44238009715618143,0.18974358974358974,0.41025641025641024
A3_only,39,mlp,195,-0.1448839382332995,0.5666707126117072,16271519.72737557,0.09230769230769231,0.3333333333333333
A3_only,39,cnn1d_waveform,195,-0.044127185254563696,0.3642770953670948,0.4579163596935042,0.15384615384615385,0.46153846153846156
A3_only,39,hybrid_support_gate_cnn,195,-0.047492305334832986,0.3590520704618077,0.4665133947302029,0.15897435897435896,0.4461538461538462
A3_only,40,topology_median,176,-0.09963681803222822,0.34828529889677595,0.49578699584368613,0.13068181818181818,0.4659090909090909
A3_only,40,ridge_log_charge,176,-0.140577024509983,0.3630449459184063,0.46497371159977496,0.14772727272727273,0.42613636363636365
A3_only,40,huber_log_charge,176,-0.1118432677384375,0.35213309262560494,0.48908912922778885,0.13636363636363635,0.4375
A3_only,40,gradient_boosted_trees,176,-0.11870710442763777,0.3657202286435872,0.47390669277172703,0.125,0.4090909090909091
A3_only,40,extra_trees,176,-0.14268804582356379,0.3669190906049761,0.4706856418192536,0.14204545454545456,0.4318181818181818
A3_only,40,mlp,176,-0.10568899706144147,0.5756093626595946,1132.8717705052202,0.14204545454545456,0.3522727272727273
A3_only,40,cnn1d_waveform,176,-0.12047174921027679,0.3569445449412059,0.4796304677141696,0.13068181818181818,0.4375
A3_only,40,hybrid_support_gate_cnn,176,-0.11466401376335186,0.3622171239533494,0.48206415015294996,0.13068181818181818,0.44886363636363635
A3_only,41,topology_median,175,0.02261991883440889,0.3892132117871037,0.7485099062859527,0.18285714285714286,0.41714285714285715
A3_only,41,ridge_log_charge,175,-0.034081083236755516,0.39933573243533454,0.7041649640434554,0.17714285714285713,0.4228571428571429
A3_only,41,huber_log_charge,175,0.003639052313328723,0.3911977005406294,0.6716864152751493,0.17142857142857143,0.4114285714285714
A3_only,41,gradient_boosted_trees,175,-0.015968750105153615,0.39944977348708216,0.7184447155575558,0.15428571428571428,0.4342857142857143
A3_only,41,extra_trees,175,-0.02615098978036764,0.39541443600102477,0.7014273632515848,0.17714285714285713,0.41714285714285715
A3_only,41,mlp,175,-0.1008746479387256,0.5220219206051431,50498292.49906406,0.09714285714285714,0.33714285714285713
A3_only,41,cnn1d_waveform,175,0.00044296474785443415,0.3862714423274088,0.7188929323284654,0.17714285714285713,0.4
A3_only,41,hybrid_support_gate_cnn,175,0.001919877807715552,0.39414328141849003,0.716535113510933,0.17714285714285713,0.38285714285714284
A3_only,42,topology_median,180,-0.0077415677999586215,0.4052776135908903,0.506979963551741,0.15555555555555556,0.4444444444444444
A3_only,42,ridge_log_charge,180,-0.05511551837516321,0.39606464352669163,0.4649075511461921,0.13333333333333333,0.40555555555555556
A3_only,42,huber_log_charge,180,-0.027278201673284472,0.4032526651424157,0.48742700342717427,0.14444444444444443,0.42777777777777776
A3_only,42,gradient_boosted_trees,180,-0.0339109706102347,0.3907747046492737,0.47503630391941143,0.15,0.42777777777777776
A3_only,42,extra_trees,180,-0.061777485201545114,0.38976464924266246,0.46507302645894877,0.12777777777777777,0.4222222222222222
A3_only,42,mlp,180,-0.09661875347298042,0.5201351742491997,239.62743231063078,0.13333333333333333,0.31666666666666665
A3_only,42,cnn1d_waveform,180,-0.029944910180575865,0.40489767126202125,0.4858190061733645,0.16111111111111112,0.4222222222222222
A3_only,42,hybrid_support_gate_cnn,180,-0.029417883161360653,0.4029328774611261,0.4838821081436482,0.15555555555555556,0.42777777777777776
A3_only,44,topology_median,18,-0.09948669793732678,0.48588065963756855,0.5055918777923637,0.05555555555555555,0.3333333333333333
A3_only,44,ridge_log_charge,18,-0.1619711071423698,0.4536130555196125,0.4730171854395711,0.05555555555555555,0.3333333333333333
A3_only,44,huber_log_charge,18,-0.12190701706403534,0.4612743334814559,0.5409581696627886,0.05555555555555555,0.2777777777777778
A3_only,44,gradient_boosted_trees,18,-0.0561698343280003,0.47338212640634414,0.48470257278440637,0.16666666666666666,0.2777777777777778
A3_only,44,extra_trees,18,-0.13614252409248634,0.45455943802727233,0.5339109550995729,0.0,0.2777777777777778
A3_only,44,mlp,18,0.06578391757787204,0.742580334102619,3403.1335422070633,0.16666666666666666,0.2777777777777778
A3_only,44,cnn1d_waveform,18,-0.10449482317743825,0.4673461885934209,0.49536640326697745,0.05555555555555555,0.3333333333333333
A3_only,44,hybrid_support_gate_cnn,18,-0.10288878271396949,0.49346450955951693,0.5107557748461965,0.05555555555555555,0.2777777777777778
A3_only,45,topology_median,201,0.08543102235972437,0.4149404216315307,0.5500422179946617,0.14427860696517414,0.3781094527363184
A3_only,45,ridge_log_charge,201,0.0040535523811184625,0.3998022638663202,0.49735002846782855,0.13432835820895522,0.39303482587064675
A3_only,45,huber_log_charge,201,0.04519265094704957,0.4025551187290966,0.5187824866092076,0.12437810945273632,0.3781094527363184
A3_only,45,gradient_boosted_trees,201,0.022999342672150973,0.3989674060182175,0.5136698393024647,0.13432835820895522,0.38308457711442784
A3_only,45,extra_trees,201,0.021897933562834367,0.3936960652002426,0.5005526075729307,0.13930348258706468,0.3880597014925373
A3_only,45,mlp,201,0.019600687120366545,0.5527806876482004,8.384985175357283,0.14925373134328357,0.35323383084577115
A3_only,45,cnn1d_waveform,201,0.04878850953412212,0.3979330571671355,0.5237396873511752,0.12935323383084577,0.3781094527363184
A3_only,45,hybrid_support_gate_cnn,201,0.04649438644793278,0.3982968307248135,0.5236170170662467,0.11442786069651742,0.3781094527363184
A3_only,47,topology_median,62,0.012229264061919917,0.31418419742147546,0.3666934848745255,0.22580645161290322,0.6129032258064516
A3_only,47,ridge_log_charge,62,-0.03901741083005357,0.3150949919420142,0.341537881159366,0.2903225806451613,0.5483870967741935
A3_only,47,huber_log_charge,62,-0.001083618571997254,0.32239506861567657,0.35638852829258155,0.2903225806451613,0.5483870967741935
A3_only,47,gradient_boosted_trees,62,-0.050575487099330456,0.3042898287742782,0.3444215251660412,0.24193548387096775,0.5483870967741935
A3_only,47,extra_trees,62,-0.04676526219116822,0.3125019194363123,0.34411197326597776,0.25806451612903225,0.5645161290322581
A3_only,47,mlp,62,-0.17657682894920185,0.6028515393189326,0.8306549470918728,0.08064516129032258,0.24193548387096775
A3_only,47,cnn1d_waveform,62,-0.007270721147992102,0.3235745348859747,0.35286713575837025,0.20967741935483872,0.6129032258064516
A3_only,47,hybrid_support_gate_cnn,62,-0.010476953789321283,0.3299851416573984,0.35526897907488664,0.2903225806451613,0.5806451612903226
A3_only,48,topology_median,151,-0.07318704030150143,0.3710098012768636,0.498461556236299,0.19205298013245034,0.4768211920529801
A3_only,48,ridge_log_charge,151,-0.1283628979127712,0.3633521339419757,0.4685031431811436,0.17880794701986755,0.4503311258278146
A3_only,48,huber_log_charge,151,-0.09967137531973097,0.3687845406712802,0.48631230013911786,0.17880794701986755,0.45695364238410596
A3_only,48,gradient_boosted_trees,151,-0.12609617442141308,0.37823282608442704,0.4861872194594256,0.16556291390728478,0.423841059602649
A3_only,48,extra_trees,151,-0.1266625404616708,0.36839218779062677,0.4714595803321723,0.18543046357615894,0.4370860927152318
A3_only,48,mlp,151,-0.07375730961653418,0.5939305827428676,1.3265913198688044,0.11920529801324503,0.31125827814569534
A3_only,48,cnn1d_waveform,151,-0.09363970560300286,0.36682917827760086,0.4850139265012553,0.17880794701986755,0.46357615894039733
A3_only,48,hybrid_support_gate_cnn,151,-0.11141199347778427,0.3690530039453826,0.48253294810548936,0.17218543046357615,0.45695364238410596
A3_only,49,topology_median,171,0.04622506637619988,0.42566263681760447,0.567753510645456,0.1286549707602339,0.3391812865497076
A3_only,49,ridge_log_charge,171,0.013666056749751116,0.40583717313164014,0.5242431775681134,0.1286549707602339,0.36257309941520466
A3_only,49,huber_log_charge,171,0.047228046658676213,0.4211052106853355,0.552336763951852,0.10526315789473684,0.3157894736842105
A3_only,49,gradient_boosted_trees,171,-0.0135734616070704,0.4211647929811436,0.5308936871994527,0.1111111111111111,0.34502923976608185
A3_only,49,extra_trees,171,0.0034891330115844102,0.396654089058061,0.5154675575896458,0.14035087719298245,0.34502923976608185
A3_only,49,mlp,171,0.039902900311437284,0.5913045036232436,20.89916306982849,0.0935672514619883,0.30994152046783624
A3_only,49,cnn1d_waveform,171,0.01121842616580311,0.4144991099019853,0.5482797006261243,0.11695906432748537,0.3391812865497076
A3_only,49,hybrid_support_gate_cnn,171,0.028307291666666668,0.4205320095369727,0.5498875829183512,0.12280701754385964,0.32748538011695905
A3_only,50,topology_median,40,0.07776588857171506,0.4501241232905417,0.5919183539741811,0.175,0.375
A3_only,50,ridge_log_charge,40,0.009831002266663504,0.39146153180237453,0.5291829820394189,0.15,0.375
A3_only,50,huber_log_charge,40,0.027180513411588135,0.44090246725724813,0.5514111058230541,0.15,0.35
A3_only,50,gradient_boosted_trees,40,0.02010295651493909,0.41563390222436253,0.5700794732965823,0.15,0.4
A3_only,50,extra_trees,40,0.013932837714871447,0.40954420336710107,0.5430865971054213,0.15,0.375
A3_only,50,mlp,40,0.20437968076371593,0.6107437066429102,1.1599602660269843,0.125,0.25
A3_only,50,cnn1d_waveform,40,0.043212267563403434,0.4492285678748841,0.5677455653378094,0.15,0.35
A3_only,50,hybrid_support_gate_cnn,40,0.0328080751945571,0.4297126247646004,0.5589595259083333,0.15,0.35
A3_only,51,topology_median,18,-0.20943477580984515,0.4358288443718864,0.49563968841501355,0.1111111111111111,0.2777777777777778
A3_only,51,ridge_log_charge,18,-0.25583263381057564,0.4501098865835347,0.4702149727486149,0.1111111111111111,0.2222222222222222
A3_only,51,huber_log_charge,18,-0.23410291519850834,0.4300812214558254,0.48068371178849684,0.1111111111111111,0.3333333333333333
A3_only,51,gradient_boosted_trees,18,-0.2588933235217157,0.44567770519521177,0.4800731575745875,0.1111111111111111,0.16666666666666666
A3_only,51,extra_trees,18,-0.2443756539254791,0.45429433402136893,0.4727761278022318,0.1111111111111111,0.3333333333333333
A3_only,51,mlp,18,-0.17144044480953602,0.6376115508326778,0.6176016496141696,0.1111111111111111,0.2777777777777778
A3_only,51,cnn1d_waveform,18,-0.2324077602117216,0.43844335938966245,0.4795371393341133,0.1111111111111111,0.3333333333333333
A3_only,51,hybrid_support_gate_cnn,18,-0.23168077836811987,0.4327157508986849,0.4757241916279382,0.1111111111111111,0.3333333333333333
A3_only,52,topology_median,4,-0.3041063439705455,0.446753934981266,0.589073005615664,0.0,0.0
A3_only,52,ridge_log_charge,4,-0.3401460779752336,0.4719760049074061,0.562961151973433,0.0,0.0
A3_only,52,huber_log_charge,4,-0.3182714585660792,0.45834117737438007,0.5694425408123517,0.0,0.0
A3_only,52,gradient_boosted_trees,4,-0.3187462183368345,0.4733011015285517,0.5551117530307627,0.0,0.0
A3_only,52,extra_trees,4,-0.3489964121077791,0.47591917587480015,0.5588952680600384,0.0,0.0
A3_only,52,mlp,4,0.06825499420281429,0.29553575696979395,0.7104253727146048,0.25,0.5
A3_only,52,cnn1d_waveform,4,-0.32463841179958064,0.4613995519827154,0.5726947644379543,0.0,0.0
A3_only,52,hybrid_support_gate_cnn,4,-0.318431192966783,0.4550162441931312,0.5798835167198986,0.0,0.0
A3_only,53,topology_median,8,0.6433746190769336,2.5247676178023086,4.087398920841563,0.125,0.25
A3_only,53,ridge_log_charge,8,0.5589349097992156,2.2790789681988164,3.8153382519777472,0.0,0.25
A3_only,53,huber_log_charge,8,0.591024015542351,2.3341891692798393,3.9213614546348317,0.125,0.25
A3_only,53,gradient_boosted_trees,8,0.5417646151546182,2.0644027072172775,3.814748103961453,0.125,0.25
A3_only,53,extra_trees,8,0.5480322700379046,2.378102049982643,3.8250830170667314,0.0,0.25
A3_only,53,mlp,8,1.5190337688291775,4.489460475939424,5.116289534987117,0.125,0.125
A3_only,53,cnn1d_waveform,8,0.5754434021223438,2.36350028711049,3.901902126967161,0.125,0.25
A3_only,53,hybrid_support_gate_cnn,8,0.6061720007742045,2.301849628817639,3.9246656710086594,0.125,0.25
A3_only,54,topology_median,4,0.26217258186685144,0.40034582119705486,0.8146569134807704,0.25,0.5
A3_only,54,ridge_log_charge,4,0.17742302548411884,0.2990292382492234,0.7589902656425206,0.25,0.75
A3_only,54,huber_log_charge,4,0.2064986780590949,0.33167272417351595,0.8165399024536955,0.25,0.5
A3_only,54,gradient_boosted_trees,4,0.19328376971990507,0.3050380682631594,0.7225638666583201,0.25,0.5
A3_only,54,extra_trees,4,0.132196396604186,0.21306891275426415,0.767735184850655,0.25,0.75
A3_only,54,mlp,4,0.3957413949401639,0.6536025206067168,0.7551139797477626,0.0,0.5
A3_only,54,cnn1d_waveform,4,0.2159546812129148,0.34903519911675146,0.7671724448983358,0.25,0.5
A3_only,54,hybrid_support_gate_cnn,4,0.2068558985593732,0.3304014048167015,0.8111416843576265,0.25,0.5
A3_only,55,topology_median,18,-0.30440046908344953,0.4789968059922653,0.910176809903268,0.1111111111111111,0.2777777777777778
A3_only,55,ridge_log_charge,18,-0.34211808498807333,0.508079834378141,0.8692589651721507,0.16666666666666666,0.16666666666666666
A3_only,55,huber_log_charge,18,-0.3246820449556989,0.4964951773829191,0.8918744333844164,0.16666666666666666,0.16666666666666666
A3_only,55,gradient_boosted_trees,18,-0.3199244855871468,0.5159596353234257,0.950573181316315,0.16666666666666666,0.2777777777777778
A3_only,55,extra_trees,18,-0.3401014866748096,0.5065642381619702,0.8597214034212337,0.16666666666666666,0.16666666666666666
A3_only,55,mlp,18,-0.33857301699022607,0.6756922875138458,1.0067704871602305,0.05555555555555555,0.16666666666666666
A3_only,55,cnn1d_waveform,18,-0.32753144976253573,0.4930266304612571,0.8820266702133057,0.16666666666666666,0.16666666666666666
A3_only,55,hybrid_support_gate_cnn,18,-0.3275128453222571,0.4949568825134218,0.891649357243456,0.1111111111111111,0.16666666666666666
A3_only,56,topology_median,46,0.20660505513163296,0.4434489654594887,0.5214084068115196,0.10869565217391304,0.391304347826087
A3_only,56,ridge_log_charge,46,0.13646657512556892,0.41199658733044403,0.4747629607432699,0.043478260869565216,0.3695652173913043
A3_only,56,huber_log_charge,46,0.17164244943783713,0.4327747988892818,0.5005949475102837,0.08695652173913043,0.34782608695652173
A3_only,56,gradient_boosted_trees,46,0.12969595692975722,0.38609610235254466,0.4707386858345053,0.08695652173913043,0.3695652173913043
A3_only,56,extra_trees,46,0.15474686868939885,0.3985759644069313,0.4750557510116746,0.043478260869565216,0.391304347826087
A3_only,56,mlp,46,0.01438727239820616,0.6814859996730224,2.0101306226110798,0.15217391304347827,0.2608695652173913
A3_only,56,cnn1d_waveform,46,0.16959749927175236,0.4200910359480232,0.4975095805494819,0.10869565217391304,0.3695652173913043
A3_only,56,hybrid_support_gate_cnn,46,0.17659651525561,0.4162143851739335,0.49637093876762567,0.08695652173913043,0.34782608695652173
A3_only,57,topology_median,159,0.01606292966684294,0.3862573048051721,0.5683300348561301,0.20754716981132076,0.4528301886792453
A3_only,57,ridge_log_charge,159,-0.030027321683698528,0.3974350644526287,0.5367209519295137,0.1949685534591195,0.44025157232704404
A3_only,57,huber_log_charge,159,-0.004527661499800221,0.38545279260570275,0.5843192389768975,0.18238993710691823,0.48427672955974843
A3_only,57,gradient_boosted_trees,159,-0.030052630858776727,0.3986250261271201,0.5277919193946011,0.18867924528301888,0.4528301886792453
A3_only,57,extra_trees,159,-0.03169535087422135,0.3950759761189277,0.522684774793565,0.20125786163522014,0.4716981132075472
A3_only,57,mlp,159,-0.03460365548922055,0.6059976127438794,5868392698.545015,0.09433962264150944,0.27672955974842767
A3_only,57,cnn1d_waveform,159,-0.007593299338410202,0.38497078323605616,0.5430144468608282,0.1949685534591195,0.4779874213836478
A3_only,57,hybrid_support_gate_cnn,159,-0.016600442517521505,0.3898465621098085,0.5551224875962337,0.1949685534591195,0.4591194968553459
A3_only,58,topology_median,28,0.027532349071435026,0.4133677733176442,0.5974215442307246,0.17857142857142858,0.4642857142857143
A3_only,58,ridge_log_charge,28,-0.06126245124426914,0.455251969753109,0.5495454611400651,0.14285714285714285,0.42857142857142855
A3_only,58,huber_log_charge,28,0.025813099520120657,0.4356177715962854,0.5826614474535156,0.14285714285714285,0.5
A3_only,58,gradient_boosted_trees,28,0.029911880696141768,0.4692733424140313,0.5402031244737339,0.14285714285714285,0.42857142857142855
A3_only,58,extra_trees,28,-0.019501247186091444,0.4639096876834559,0.5496286868220123,0.17857142857142858,0.42857142857142855
A3_only,58,mlp,28,-0.022922598099575475,0.44443174693813775,1.8456799197674194,0.14285714285714285,0.39285714285714285
A3_only,58,cnn1d_waveform,28,0.014208537575180298,0.4330833748600144,0.5739788103150116,0.17857142857142858,0.5
A3_only,58,hybrid_support_gate_cnn,28,0.012992536727856932,0.4397591436920306,0.5815852436639565,0.14285714285714285,0.4642857142857143
A3_only,59,topology_median,7,-0.23075764422352765,0.3629745244478863,0.3893535329095295,0.14285714285714285,0.42857142857142855
A3_only,59,ridge_log_charge,7,-0.29887755454000725,0.33829886855746183,0.39660843403175117,0.0,0.2857142857142857
A3_only,59,huber_log_charge,7,-0.2681901617847096,0.32681604496032307,0.3900311624465618,0.0,0.2857142857142857
A3_only,59,gradient_boosted_trees,7,-0.29507137553556884,0.35506563740666086,0.40886852986684313,0.0,0.2857142857142857
A3_only,59,extra_trees,7,-0.2778262942839891,0.32659557374615894,0.3803776761157129,0.0,0.2857142857142857
A3_only,59,mlp,7,0.025908043409410608,0.335641663349304,1719.019067419167,0.14285714285714285,0.42857142857142855
A3_only,59,cnn1d_waveform,7,-0.2791991059773058,0.38781592956577937,0.3985655335582871,0.0,0.2857142857142857
A3_only,59,hybrid_support_gate_cnn,7,-0.23953802812923633,0.37251983768530905,0.388430017103799,0.14285714285714285,0.42857142857142855
A3_only,60,topology_median,9,1.0653138019083457,1.5384927759074714,2.4535300596952196,0.0,0.1111111111111111
A3_only,60,ridge_log_charge,9,0.9299831296525125,1.4477873062748925,2.2908600233465326,0.0,0.1111111111111111
A3_only,60,huber_log_charge,9,1.034993452952955,1.5302873206129648,2.3900194060265116,0.0,0.1111111111111111
A3_only,60,gradient_boosted_trees,9,0.8887879968870483,1.5144736964845265,2.214154490347882,0.0,0.1111111111111111
A3_only,60,extra_trees,9,0.9309602761806404,1.4520959881783404,2.303916362935946,0.0,0.1111111111111111
A3_only,60,mlp,9,0.3405266083281234,1.96997172482274,3.1568074467928455,0.1111111111111111,0.1111111111111111
A3_only,60,cnn1d_waveform,9,1.0568315803067465,1.4893727104529837,2.400754756937286,0.0,0.1111111111111111
A3_only,60,hybrid_support_gate_cnn,9,0.9902041896250504,1.5431705636604218,2.403833373731706,0.0,0.1111111111111111
A3_only,61,topology_median,6,-0.22873038410915372,0.47725008960412585,0.8996177566951852,0.0,0.16666666666666666
A3_only,61,ridge_log_charge,6,-0.2600320729298698,0.4566509993796452,0.8406709087859415,0.0,0.16666666666666666
A3_only,61,huber_log_charge,6,-0.22549223959814302,0.40053117818773676,0.8668368720847984,0.0,0.16666666666666666
A3_only,61,gradient_boosted_trees,6,-0.25542171350843756,0.352092347109414,0.9107739869615384,0.0,0.16666666666666666
A3_only,61,extra_trees,6,-0.26858922856710166,0.33850757531839437,0.7900306201866236,0.0,0.3333333333333333
A3_only,61,mlp,6,-0.05585654886294128,0.6470590897181893,2.637527202057337,0.16666666666666666,0.3333333333333333
A3_only,61,cnn1d_waveform,6,-0.23690939119247983,0.42548774441671006,0.8640631165219194,0.0,0.16666666666666666
A3_only,61,hybrid_support_gate_cnn,6,-0.22757906414573842,0.41652824028876045,0.9297714222411543,0.0,0.16666666666666666
A3_only,62,topology_median,5,0.006498194945848376,0.20085367885109173,0.4977678025075496,0.6,0.8
A3_only,62,ridge_log_charge,5,0.002802476318255093,0.21987396952196983,0.4550943590870747,0.4,0.6
A3_only,62,huber_log_charge,5,0.011774794954447922,0.1853872693450695,0.483103526920083,0.6,0.8
A3_only,62,gradient_boosted_trees,5,0.0050235745304515605,0.2568875936731157,0.4460111649864777,0.6,0.6
A3_only,62,extra_trees,5,-0.0367706827831441,0.24870420037987723,0.44500086265444405,0.4,0.6
A3_only,62,mlp,5,0.6960986646658546,0.9306326886019749,0.8620114811687817,0.0,0.0
A3_only,62,cnn1d_waveform,5,0.002982634045782737,0.20289183383716547,0.47077402303900834,0.6,0.6
A3_only,62,hybrid_support_gate_cnn,5,-0.018141242923367246,0.21669160074450866,0.48514005589496634,0.6,0.6
A3_only,63,topology_median,32,-0.20194683235970678,0.32876893818981645,0.35472319607536607,0.125,0.40625
A3_only,63,ridge_log_charge,32,-0.23707709600243895,0.3618742392041847,0.35238931944568974,0.0625,0.375
A3_only,63,huber_log_charge,32,-0.20937367018570802,0.35043235290001434,0.35635886427738817,0.09375,0.40625
A3_only,63,gradient_boosted_trees,32,-0.2585563054668904,0.352368292727889,0.3610886019892734,0.0625,0.34375
A3_only,63,extra_trees,32,-0.2485122491597782,0.351629887144907,0.3478157191132523,0.09375,0.375
A3_only,63,mlp,32,-0.07677857078270116,0.5565657121679064,1.039754464295762,0.21875,0.4375
A3_only,63,cnn1d_waveform,32,-0.22327199561754807,0.3427576939059575,0.3517131445803339,0.09375,0.34375
A3_only,63,hybrid_support_gate_cnn,32,-0.22360618034823737,0.3479047305783734,0.35192988263886393,0.09375,0.3125
A3_only,64,topology_median,32,-0.08636600560400011,0.4778106434103042,0.6767518516352883,0.125,0.3125
A3_only,64,ridge_log_charge,32,-0.12762453987035163,0.4498798749928535,0.6277181604994198,0.03125,0.25
A3_only,64,huber_log_charge,32,-0.09152952442454303,0.4372260792777505,0.6645959159295717,0.09375,0.25
A3_only,64,gradient_boosted_trees,32,-0.12933381503509897,0.3870236096391527,0.6297186178223514,0.0625,0.25
A3_only,64,extra_trees,32,-0.12433999179478189,0.4592406976581336,0.6162491602517888,0.0,0.21875
A3_only,64,mlp,32,0.16763349087309948,0.6515002304233304,0.8539415590619983,0.0625,0.25
A3_only,64,cnn1d_waveform,32,-0.09720084230883974,0.4439271177106508,0.6608820305592327,0.0625,0.25
A3_only,64,hybrid_support_gate_cnn,32,-0.09215010172210424,0.4430338473671715,0.6665348679111875,0.09375,0.25
A3_only,65,topology_median,11,-0.12379917657822506,0.3560963380520202,0.48232622983269186,0.09090909090909091,0.2727272727272727
A3_only,65,ridge_log_charge,11,-0.1665121332413032,0.3996489217786948,0.4546163467348473,0.0,0.2727272727272727
A3_only,65,huber_log_charge,11,-0.1331594960656211,0.383238798587905,0.4786216490667073,0.0,0.2727272727272727
A3_only,65,gradient_boosted_trees,11,-0.1302683067861638,0.4088679792852441,0.4828123369125157,0.0,0.2727272727272727
A3_only,65,extra_trees,11,-0.1643471643466025,0.3938785515019644,0.456369897720795,0.0,0.2727272727272727
A3_only,65,mlp,11,-0.11188360653738855,0.5940034567962321,0.9820966775477117,0.18181818181818182,0.36363636363636365
A3_only,65,cnn1d_waveform,11,-0.1460869484610876,0.37288558941590083,0.4668716097363703,0.09090909090909091,0.2727272727272727
A3_only,65,hybrid_support_gate_cnn,11,-0.12678263979228613,0.3697846993955258,0.4607151827823667,0.0,0.2727272727272727
