stratum,value,method,detection_ap,detection_auc,time_bias_ns,time_sigma68_ns,late_tail_rate_abs_gt_15ns,pileup_miss_rate,false_split_rate,energy_fractional_bias,energy_fractional_sigma68,n_events,n_positive
spacing_bin,"(-0.001, 10.0]",1d_cnn,,,2.16030987688403,11.447461955256506,0.25,0.48484848484848486,,-0.015004844719117533,0.07986048372423099,132,132
spacing_bin,"(10.0, 25.0]",1d_cnn,,,0.9281724119439305,7.09364912426034,0.04807692307692308,0.5229357798165137,,-0.01791269222540439,0.0811146266437853,109,109
spacing_bin,"(25.0, 45.0]",1d_cnn,,,-0.9272120982403687,10.713877125559218,0.15294117647058825,0.22727272727272727,,-0.0352234890830297,0.08115916619671752,110,110
spacing_bin,"(45.0, 70.0]",1d_cnn,,,1.4919771429669382,14.19239679109058,0.27848101265822783,0.11235955056179775,,-0.023165786602437417,0.07161151459282229,89,89
spacing_bin,"(-0.001, 10.0]",analytic_clipped_template_sideband_traditional,,,1.5772334686425094,11.319351967679243,0.1891891891891892,0.7196969696969697,,0.07986139787070767,0.10475491950346999,132,132
spacing_bin,"(10.0, 25.0]",analytic_clipped_template_sideband_traditional,,,0.7057349483079678,9.086710552895942,0.12162162162162163,0.6605504587155964,,0.08105174852063479,0.103592956803114,109,109
spacing_bin,"(25.0, 45.0]",analytic_clipped_template_sideband_traditional,,,1.1250581086658284,9.695292781223364,0.14150943396226415,0.5181818181818182,,0.06281496082868464,0.07501147058893078,110,110
spacing_bin,"(45.0, 70.0]",analytic_clipped_template_sideband_traditional,,,0.18466707154264128,7.507293501007797,0.1171875,0.2808988764044944,,0.04398195035440017,0.13019433263430602,89,89
spacing_bin,"(-0.001, 10.0]",gradient_boosted_trees,,,0.6055601389693255,7.393189874930503,0.1,0.3939393939393939,,0.029992357456508405,0.05911378756949001,132,132
spacing_bin,"(10.0, 25.0]",gradient_boosted_trees,,,0.8859951569217062,5.378922241563453,0.0390625,0.41284403669724773,,0.010767387413343203,0.07090472315881663,109,109
spacing_bin,"(25.0, 45.0]",gradient_boosted_trees,,,-1.229646018661148,7.824932129347308,0.10112359550561797,0.19090909090909092,,-0.014642287861580295,0.06928060494001154,110,110
spacing_bin,"(45.0, 70.0]",gradient_boosted_trees,,,-1.0095486040675983,7.773323161917993,0.1419753086419753,0.0898876404494382,,-0.024293649199119482,0.06604214648414425,89,89
spacing_bin,"(-0.001, 10.0]",mlp,,,0.02004405290956246,10.923237691058794,0.2077922077922078,0.4166666666666667,,0.008519487870076201,0.1237741211670435,132,132
spacing_bin,"(10.0, 25.0]",mlp,,,-2.7431928473307288,8.492507141732073,0.1111111111111111,0.42201834862385323,,0.0033272028842110907,0.10339049127117408,109,109
spacing_bin,"(25.0, 45.0]",mlp,,,-5.744988565704063,10.174933535621633,0.21604938271604937,0.2636363636363636,,-0.018707425063972275,0.09960767910811368,110,110
spacing_bin,"(45.0, 70.0]",mlp,,,-1.6016610960320365,10.281688842594683,0.189873417721519,0.11235955056179775,,-0.01954328891779137,0.08603591733060943,89,89
spacing_bin,"(-0.001, 10.0]",ridge,,,1.0050257039615307,9.778768467699841,0.15555555555555556,0.3181818181818182,,0.042961305354936294,0.051789273197896266,132,132
spacing_bin,"(10.0, 25.0]",ridge,,,0.8037586480363723,6.638662183041459,0.07575757575757576,0.3944954128440367,,0.027400859839177047,0.07322562468431149,109,109
spacing_bin,"(25.0, 45.0]",ridge,,,-2.533743387029639,9.767456263029949,0.12658227848101267,0.2818181818181818,,-0.00874001201922697,0.05791796728306365,110,110
spacing_bin,"(45.0, 70.0]",ridge,,,-2.32505056321898,10.491171308396972,0.1794871794871795,0.12359550561797752,,-0.028789719646378064,0.07675690106967681,89,89
spacing_bin,"(-0.001, 10.0]",saturation_residual_fusion_new,,,0.7100183133145421,7.690048327002388,0.07971014492753623,0.4772727272727273,,0.03007550879006237,0.05718876375303577,132,132
spacing_bin,"(10.0, 25.0]",saturation_residual_fusion_new,,,0.8839008262162285,6.124874412937941,0.029850746268656716,0.3853211009174312,,0.01491725663183927,0.07328869383520448,109,109
spacing_bin,"(25.0, 45.0]",saturation_residual_fusion_new,,,-0.4725089101068214,7.88188658786329,0.0755813953488372,0.21818181818181817,,-0.000997922161899718,0.06948336671467897,110,110
spacing_bin,"(45.0, 70.0]",saturation_residual_fusion_new,,,-1.4512832772371986,8.186384148631713,0.12962962962962962,0.0898876404494382,,-0.02418342565942256,0.07100547695382395,89,89
spacing_bin,"(-0.001, 10.0]",tiny_sequence_transformer,,,-10.22357321174721,11.756134383872613,0.3333333333333333,0.5227272727272727,,-0.0040209751101300175,0.07917179437093841,132,132
spacing_bin,"(10.0, 25.0]",tiny_sequence_transformer,,,-11.479736715982817,9.977023430318766,0.375,0.5229357798165137,,0.012129848289656377,0.05737135163319981,109,109
spacing_bin,"(25.0, 45.0]",tiny_sequence_transformer,,,-9.082861337603907,15.362959368391676,0.39375,0.2727272727272727,,-0.04886487557015449,0.08491610537414106,110,110
spacing_bin,"(45.0, 70.0]",tiny_sequence_transformer,,,-6.733952212757792,18.553465875410584,0.3670886075949367,0.11235955056179775,,-0.115425153202391,0.0875238913249999,89,89
ratio_bin,"(-0.001, 0.35]",1d_cnn,,,-0.3868413789099545,11.620423265473004,0.19444444444444445,0.4953271028037383,,-0.015862679522769402,0.08502176848582188,107,107
ratio_bin,"(0.35, 0.625]",1d_cnn,,,0.07596928255130031,10.781979365341325,0.19863013698630136,0.35398230088495575,,-0.0345343870162002,0.08124008737346027,113,113
ratio_bin,"(0.625, 0.875]",1d_cnn,,,1.0890765857768692,10.424393912408672,0.18243243243243243,0.26732673267326734,,-0.022950981945050124,0.08046050696059878,101,101
ratio_bin,"(0.875, 1.05]",1d_cnn,,,1.8233172357990668,11.562947702076517,0.1927710843373494,0.3025210084033613,,-0.021311388594421884,0.06965730718972862,119,119
ratio_bin,"(-0.001, 0.35]",analytic_clipped_template_sideband_traditional,,,-0.3442164205461262,11.566311206847764,0.22857142857142856,0.6728971962616822,,0.08547657702720782,0.13555594417230662,107,107
ratio_bin,"(0.35, 0.625]",analytic_clipped_template_sideband_traditional,,,0.9702472834169207,9.566238040117074,0.13157894736842105,0.49557522123893805,,0.051744688557871045,0.0899632884866665,113,113
ratio_bin,"(0.625, 0.875]",analytic_clipped_template_sideband_traditional,,,0.4515862268030846,8.381417230931044,0.10869565217391304,0.5445544554455446,,0.07193402813432256,0.10981604940703313,101,101
ratio_bin,"(0.875, 1.05]",analytic_clipped_template_sideband_traditional,,,2.6236804276813164,7.4425697159953845,0.11320754716981132,0.5546218487394958,,0.07362383186641973,0.0860353284658434,119,119
ratio_bin,"(-0.001, 0.35]",gradient_boosted_trees,,,-1.8797602592556206,8.004057768075596,0.1875,0.40186915887850466,,0.02707671069012049,0.06537482813065708,107,107
ratio_bin,"(0.35, 0.625]",gradient_boosted_trees,,,-0.6622709140977934,6.85761401358149,0.06493506493506493,0.3185840707964602,,0.00040150150176931996,0.07716085654706643,113,113
ratio_bin,"(0.625, 0.875]",gradient_boosted_trees,,,0.18688942440932443,6.509378484871467,0.0949367088607595,0.21782178217821782,,-0.009968793360339656,0.06453973352524857,101,101
ratio_bin,"(0.875, 1.05]",gradient_boosted_trees,,,2.0312889769441123,7.538880592417414,0.06914893617021277,0.21008403361344538,,-0.013708624599085574,0.058464414564236206,119,119
ratio_bin,"(-0.001, 0.35]",mlp,,,-4.084600611776534,12.536720126158741,0.26785714285714285,0.4766355140186916,,0.018880393134912653,0.11703953682790905,107,107
ratio_bin,"(0.35, 0.625]",mlp,,,-4.358847803321626,10.076532320684782,0.19078947368421054,0.3274336283185841,,-0.0024668877570702607,0.0981573117644973,113,113
ratio_bin,"(0.625, 0.875]",mlp,,,-1.7830328146120245,8.443834552305784,0.13924050632911392,0.21782178217821782,,-0.0127846714532732,0.10539571911848647,101,101
ratio_bin,"(0.875, 1.05]",mlp,,,-2.1682997990775554,10.754423405377185,0.16853932584269662,0.25210084033613445,,-0.023378629623373975,0.0873636523110606,119,119
ratio_bin,"(-0.001, 0.35]",ridge,,,-3.8969919844208323,9.204483563894446,0.211864406779661,0.4485981308411215,,0.022765301650579148,0.06662769638286205,107,107
ratio_bin,"(0.35, 0.625]",ridge,,,-1.7792378853336333,8.422438255978799,0.15432098765432098,0.2831858407079646,,0.006719808312960986,0.06589610170745581,113,113
ratio_bin,"(0.625, 0.875]",ridge,,,0.899841576271081,8.180613568582121,0.13125,0.2079207920792079,,0.009798776631591686,0.0798808720790132,101,101
ratio_bin,"(0.875, 1.05]",ridge,,,1.734215424714658,8.77064925812418,0.08064516129032258,0.2184873949579832,,0.0005569045492422966,0.0682615832586225,119,119
ratio_bin,"(-0.001, 0.35]",saturation_residual_fusion_new,,,-3.095369559349246,8.556801585355538,0.14912280701754385,0.4672897196261682,,0.03007550879006237,0.07761213781709664,107,107
ratio_bin,"(0.35, 0.625]",saturation_residual_fusion_new,,,-0.5967028832223553,7.122788604085676,0.06493506493506493,0.3185840707964602,,0.002602394678897346,0.06657103772916764,113,113
ratio_bin,"(0.625, 0.875]",saturation_residual_fusion_new,,,-0.06742996404651258,6.514565183696201,0.07051282051282051,0.22772277227722773,,-0.0023618280443982497,0.07520852629343602,101,101
ratio_bin,"(0.875, 1.05]",saturation_residual_fusion_new,,,1.5121633834890424,7.278126068269477,0.06043956043956044,0.23529411764705882,,0.0024747777597105966,0.07079193497068609,119,119
ratio_bin,"(-0.001, 0.35]",tiny_sequence_transformer,,,-9.976998920028928,17.559981954765906,0.38235294117647056,0.5233644859813084,,-0.0040209751101300175,0.09443863834839217,107,107
ratio_bin,"(0.35, 0.625]",tiny_sequence_transformer,,,-10.3486049451876,13.58430347212169,0.3918918918918919,0.34513274336283184,,-0.04886487557015449,0.089045490600115,113,113
ratio_bin,"(0.625, 0.875]",tiny_sequence_transformer,,,-8.525955252575503,12.255773895977155,0.375,0.32673267326732675,,-0.048604976009356066,0.09754079710197741,101,101
ratio_bin,"(0.875, 1.05]",tiny_sequence_transformer,,,-8.4746835384344,12.848591342816414,0.3333333333333333,0.31932773109243695,,-0.02320879812175332,0.08683799711194506,119,119
saturation_bin,0,1d_cnn,,,0.7811190764258535,11.473508841507202,0.18996415770609318,0.35714285714285715,,-0.02317451357349298,0.07788145765204402,434,434
saturation_bin,1-2,1d_cnn,,,1.3574393162320453,11.204399312976529,0.375,0.2,,-0.14588449313670618,0.08110344703649316,5,5
saturation_bin,3-5,1d_cnn,,,-1.6863664944355605,6.113139533996582,0.0,0.0,,-0.24277728891627673,0.0,1,1
saturation_bin,0,analytic_clipped_template_sideband_traditional,,,0.9823407412293594,8.931455214907144,0.13101604278074866,0.5691244239631337,,0.06885196275172814,0.11096844616032747,434,434
saturation_bin,1-2,analytic_clipped_template_sideband_traditional,,,5.649578215857587,14.699999999999996,0.5,0.2,,0.09348141790852516,0.018125043325023182,5,5
saturation_bin,3-5,analytic_clipped_template_sideband_traditional,,,,,,1.0,,,,1,1
saturation_bin,0,gradient_boosted_trees,,,0.03642437936365983,7.458571323915185,0.10032362459546926,0.2880184331797235,,0.0005739336912189921,0.06584680297296133,434,434
saturation_bin,1-2,gradient_boosted_trees,,,-0.1410314631395071,6.087686959731211,0.0,0.2,,0.033331430081158124,0.04498378258684778,5,5
saturation_bin,3-5,gradient_boosted_trees,,,-7.272596587134679,2.3989448853997573,0.0,0.0,,-0.118296776788859,0.0,1,1
saturation_bin,0,mlp,,,-2.7795883908954355,10.321806893886574,0.18537414965986396,0.3225806451612903,,-0.008408147621313627,0.10337050595352804,434,434
saturation_bin,1-2,mlp,,,-1.6789053049586178,9.298810956572355,0.2,0.0,,-0.009195898710372864,0.06302331418714115,5,5
saturation_bin,3-5,mlp,,,-7.935168113313988,2.6093993125131685,0.0,0.0,,-0.21411074048671327,0.0,1,1
saturation_bin,0,ridge,,,-0.4172531431795923,8.797312247853736,0.13843648208469056,0.2926267281105991,,0.011502762884279406,0.07206906604508041,434,434
saturation_bin,1-2,ridge,,,-0.6162287374177255,8.04498339400101,0.1,0.0,,-0.016732214386015083,0.035367917272441735,5,5
saturation_bin,3-5,ridge,,,-7.41285667973874,1.5536824790035837,0.0,0.0,,-0.21953657268717883,0.0,1,1
saturation_bin,0,saturation_residual_fusion_new,,,-0.2145817894771085,7.341123990796775,0.08249158249158249,0.315668202764977,,0.008053043674685782,0.07282796365174224,434,434
saturation_bin,1-2,saturation_residual_fusion_new,,,-0.2265770962865643,6.2958511991218415,0.0,0.0,,0.05359835186530351,0.032563969797799325,5,5
saturation_bin,3-5,saturation_residual_fusion_new,,,-8.506093488860454,4.248927693360904,0.0,0.0,,-0.1427500161759895,0.0,1,1
saturation_bin,0,tiny_sequence_transformer,,,-9.271045730435127,13.999296440289147,0.3675373134328358,0.3824884792626728,,-0.033252996835275654,0.09307143126516,434,434
saturation_bin,1-2,tiny_sequence_transformer,,,-10.823129574656903,11.871293032731135,0.3,0.0,,-0.037530578827800795,0.038586013719167214,5,5
saturation_bin,3-5,tiny_sequence_transformer,,,-18.708208497304213,1.4518131256103501,1.0,0.0,,-0.23775278850468745,0.0,1,1
pedestal_state,nominal,1d_cnn,,,1.246955819027873,8.922067444853436,0.15841584158415842,0.4127906976744186,,-0.036928282771238316,0.06147960860853681,172,172
pedestal_state,shifted,1d_cnn,,,0.661113647496574,12.303511772203173,0.2103825136612022,0.31716417910447764,,-0.019829816709110524,0.09698829864975725,268,268
pedestal_state,nominal,analytic_clipped_template_sideband_traditional,,,1.1160550696182403,8.515236916094956,0.10215053763440861,0.45930232558139533,,0.06760348891587034,0.11913806849150993,172,172
pedestal_state,shifted,analytic_clipped_template_sideband_traditional,,,0.8595842479276827,9.634096275764891,0.17346938775510204,0.6343283582089553,,0.07043065113454244,0.09866669611770348,268,268
pedestal_state,nominal,gradient_boosted_trees,,,0.10816861798115252,6.668856544294195,0.07327586206896551,0.32558139534883723,,0.00016455370566561075,0.058380670715603544,172,172
pedestal_state,shifted,gradient_boosted_trees,,,0.014559772235007706,8.430366778733463,0.11363636363636363,0.26119402985074625,,0.00416730658247756,0.07650912568192209,268,268
pedestal_state,nominal,mlp,,,-1.972980580422643,9.775819778796599,0.14563106796116504,0.4011627906976744,,0.0002789779690231847,0.09692007169819444,172,172
pedestal_state,shifted,mlp,,,-3.4858704524246864,10.680346486471059,0.20558375634517767,0.26492537313432835,,-0.011333221760528076,0.10518868153956323,268,268
pedestal_state,nominal,ridge,,,-0.18100561391197978,7.48549443949202,0.09292035398230089,0.3430232558139535,,0.006173523572105184,0.061747961019821176,172,172
pedestal_state,shifted,ridge,,,-0.5190259337053815,9.93292786912223,0.1625,0.2537313432835821,,0.011859518036435705,0.08019091213773397,268,268
pedestal_state,nominal,saturation_residual_fusion_new,,,0.4037287444184301,6.857568049784527,0.06140350877192982,0.3372093023255814,,0.012796413475517375,0.07193420579234132,172,172
pedestal_state,shifted,saturation_residual_fusion_new,,,-0.6115071836829067,7.79822100034659,0.09259259259259259,0.2947761194029851,,0.005494047965320184,0.07349700728771055,268,268
pedestal_state,nominal,tiny_sequence_transformer,,,-7.6651887900326265,14.184781536411814,0.31683168316831684,0.4127906976744186,,-0.058535845020798456,0.07111167800988895,172,172
pedestal_state,shifted,tiny_sequence_transformer,,,-10.015259652648577,14.161024359252622,0.3988439306358382,0.35447761194029853,,-0.02133661264262613,0.10721047747698342,268,268
morphology_state,late_tail_high,1d_cnn,,,-0.426947676379017,9.792595308503522,0.12605042016806722,0.42788461538461536,,-0.0345343870162002,0.07003065702388193,208,208
morphology_state,late_tail_low,1d_cnn,,,1.7979148812093015,12.438555539736324,0.23939393939393938,0.28879310344827586,,-0.014801529385792779,0.08703163437372044,232,232
morphology_state,late_tail_high,analytic_clipped_template_sideband_traditional,,,1.6874313710580324,6.126408894948728,0.08666666666666667,0.6394230769230769,,0.0916622215164213,0.10770764759682265,208,208
morphology_state,late_tail_low,analytic_clipped_template_sideband_traditional,,,0.5436948162683919,11.029947102030306,0.1724137931034483,0.5,,0.05162604946707479,0.09388346915632995,232,232
morphology_state,late_tail_high,gradient_boosted_trees,,,0.23220803799882894,6.696588577789351,0.08088235294117647,0.34615384615384615,,-0.00544468942006575,0.056459829153423374,208,208
morphology_state,late_tail_low,gradient_boosted_trees,,,-0.03910237484989754,8.15324397897768,0.11235955056179775,0.23275862068965517,,0.006762637510453098,0.07642317189246445,232,232
morphology_state,late_tail_high,mlp,,,-3.769830650707906,9.730771789559538,0.16538461538461538,0.375,,-0.020031494405825995,0.09606332324944886,208,208
morphology_state,late_tail_low,mlp,,,-1.6711597134640366,11.331609408100821,0.2,0.2672413793103448,,0.00484088986580187,0.11339220741435038,232,232
morphology_state,late_tail_high,ridge,,,-0.18440790713428967,8.288935246966563,0.10948905109489052,0.34134615384615385,,0.0038161632680300626,0.05887330942689997,208,208
morphology_state,late_tail_low,ridge,,,-0.5190259337053815,10.075672591858376,0.1590909090909091,0.2413793103448276,,0.020248157431509182,0.08767774775949681,232,232
morphology_state,late_tail_high,saturation_residual_fusion_new,,,-0.30272912799312657,6.798645375878053,0.06746031746031746,0.3942307692307692,,0.0026393184322455227,0.06993147319376869,208,208
morphology_state,late_tail_low,saturation_residual_fusion_new,,,-0.1212502196797649,7.890146436232412,0.0903954802259887,0.23706896551724138,,0.013236044452598544,0.07683596953098552,232,232
morphology_state,late_tail_high,tiny_sequence_transformer,,,-12.563996508797155,12.929169732965024,0.4594594594594595,0.46634615384615385,,-0.03802960176301894,0.07479243512411783,208,208
morphology_state,late_tail_low,tiny_sequence_transformer,,,-6.9685328313236505,13.382742210462535,0.3067484662576687,0.2974137931034483,,-0.029859689289270585,0.1069286990393027,232,232
pid_proxy_class,inner_high_charge,1d_cnn,,,-3.9542268905851863,11.862801201807624,0.18421052631578946,0.20833333333333334,,-0.035888947022648464,0.10265008622655535,24,24
pid_proxy_class,other,1d_cnn,,,1.009643891656009,11.27006707405593,0.19245283018867926,0.3629807692307692,,-0.02317451357349298,0.0738435387207847,416,416
pid_proxy_class,inner_high_charge,analytic_clipped_template_sideband_traditional,,,0.3230767349729913,16.67999926763367,0.3333333333333333,0.625,,0.08362155068754247,0.036813243047578284,24,24
pid_proxy_class,other,analytic_clipped_template_sideband_traditional,,,0.9823407412293594,8.585447176315261,0.12912087912087913,0.5625,,0.06888671735927202,0.11191152958467257,416,416
pid_proxy_class,inner_high_charge,gradient_boosted_trees,,,-3.93069513742474,6.739965095333784,0.07142857142857142,0.125,,0.007205480638771711,0.07549682270519144,24,24
pid_proxy_class,other,gradient_boosted_trees,,,0.19818289429165414,7.5672168156800526,0.10068259385665529,0.2956730769230769,,0.0005739336912189921,0.06426237169097893,416,416
pid_proxy_class,inner_high_charge,mlp,,,-7.332257348203677,10.517464330160148,0.21739130434782608,0.041666666666666664,,-0.0270797010705077,0.1317976717912591,24,24
pid_proxy_class,other,mlp,,,-2.233124783347744,10.467593245539064,0.18231046931407943,0.33413461538461536,,-0.0052966554584034905,0.10209025705381894,416,416
pid_proxy_class,inner_high_charge,ridge,,,-5.614894984816559,8.689739858854596,0.16666666666666666,0.0,,-0.030574947859805787,0.06719481878429544,24,24
pid_proxy_class,other,ridge,,,-0.10833227303540305,8.631884248630467,0.13494809688581316,0.30528846153846156,,0.011969331746948753,0.07126944067136594,416,416
pid_proxy_class,inner_high_charge,saturation_residual_fusion_new,,,-3.5126021370816307,6.503095601747856,0.06818181818181818,0.08333333333333333,,-0.00297923663251233,0.06747116886233567,24,24
pid_proxy_class,other,saturation_residual_fusion_new,,,0.21536915398525203,7.211024564866763,0.08185053380782918,0.3245192307692308,,0.008647474928679308,0.07289981933875797,416,416
pid_proxy_class,inner_high_charge,tiny_sequence_transformer,,,-14.343735419790903,12.889163055072581,0.475,0.16666666666666666,,-0.056382499366370666,0.08630338750746272,24,24
pid_proxy_class,other,tiny_sequence_transformer,,,-9.077981494462923,13.940018859792787,0.36023622047244097,0.3894230769230769,,-0.033252996835275654,0.09272631211996837,416,416
stave,B2,1d_cnn,,,-4.301578473863263,14.104030390192808,0.24390243902439024,0.5543478260869565,,-0.05741314919955324,0.09546263426862928,92,92
stave,B4,1d_cnn,,,-0.3738181216009373,12.82954616164728,0.21830985915492956,0.4083333333333333,,0.029832670160455488,0.09218251093615851,120,120
stave,B6,1d_cnn,,,1.3052499163739384,10.851983386845536,0.18,0.33035714285714285,,-0.040376910287440025,0.06707077482650604,112,112
stave,B8,1d_cnn,,,2.2325519585913955,8.944161413504917,0.15979381443298968,0.16379310344827586,,-0.03135396643501405,0.0630380682100613,116,116
stave,B2,analytic_clipped_template_sideband_traditional,,,3.9901950554512755,13.300928914263663,0.25862068965517243,0.6847826086956522,,0.11165916404236224,0.08444313877257915,92,92
stave,B4,analytic_clipped_template_sideband_traditional,,,-0.41994056171064553,15.854218611742624,0.3333333333333333,0.825,,0.03629916729901081,0.06029024636036745,120,120
stave,B6,analytic_clipped_template_sideband_traditional,,,-0.804436130677435,8.099872476764375,0.10638297872340426,0.5803571428571429,,0.006981811269660449,0.06377328179849116,112,112
stave,B8,analytic_clipped_template_sideband_traditional,,,1.3524999569030705,5.740286834350167,0.07446808510638298,0.1896551724137931,,0.08986262847905287,0.10992495772209991,116,116
stave,B2,gradient_boosted_trees,,,-5.408208041466835,9.823298029251124,0.22448979591836735,0.4673913043478261,,-0.015354946288508394,0.07805821402082379,92,92
stave,B4,gradient_boosted_trees,,,-2.0061320682292294,7.853449834689648,0.1144578313253012,0.30833333333333335,,0.028583396860376614,0.07894140527306379,120,120
stave,B6,gradient_boosted_trees,,,0.064456097079022,4.991690531613281,0.054878048780487805,0.26785714285714285,,-0.013131143496965897,0.054925074597732,112,112
stave,B8,gradient_boosted_trees,,,2.7034203628852183,5.487191654628632,0.06,0.13793103448275862,,0.004627794013091358,0.06769416409536809,116,116
stave,B2,mlp,,,-7.284932957768229,11.178419849440028,0.2391304347826087,0.5,,-0.024553266013372606,0.08879730495833396,92,92
stave,B4,mlp,,,-5.450123434745198,11.285225942763189,0.27976190476190477,0.3,,-0.007767094711343552,0.13530320847711103,120,120
stave,B6,mlp,,,-2.8081307150053902,9.485398860192182,0.09868421052631579,0.32142857142857145,,-0.025895677306915256,0.09729892335402476,112,112
stave,B8,mlp,,,1.4243538075483864,8.785701613549122,0.14361702127659576,0.1896551724137931,,0.007486258665723477,0.09767117890304089,116,116
stave,B2,ridge,,,-7.040407986406616,11.158173002045853,0.29591836734693877,0.4673913043478261,,-0.028706254869914374,0.07980681857693289,92,92
stave,B4,ridge,,,-2.528749642042305,10.155352754465184,0.16666666666666666,0.325,,0.02867433446632784,0.06470221378051813,120,120
stave,B6,ridge,,,0.6457765462658704,6.683208270029072,0.06470588235294118,0.24107142857142858,,0.013859194185373338,0.05905787472087348,112,112
stave,B8,ridge,,,1.0736811159350879,7.608900413135414,0.09693877551020408,0.15517241379310345,,0.004573818139166631,0.07495892159082207,116,116
stave,B2,saturation_residual_fusion_new,,,-4.984203669890044,9.12356098142881,0.17307692307692307,0.43478260869565216,,0.005853470040402767,0.07509933920882546,92,92
stave,B4,saturation_residual_fusion_new,,,-2.4973453106570043,7.9501290005750205,0.09259259259259259,0.325,,0.0027906233571176236,0.07564844276060197,120,120
stave,B6,saturation_residual_fusion_new,,,0.5386795039542047,5.249491133737189,0.05333333333333334,0.33035714285714285,,-0.003394909327842844,0.05676596103427701,112,112
stave,B8,saturation_residual_fusion_new,,,2.330923260994857,5.208468372381897,0.042105263157894736,0.1810344827586207,,0.017648106516267737,0.07421264529850795,116,116
stave,B2,tiny_sequence_transformer,,,-14.38461410404797,17.712286973484765,0.4875,0.5652173913043478,,-0.07410145689174509,0.08145177256825775,92,92
stave,B4,tiny_sequence_transformer,,,-12.539465575724304,13.967420632789281,0.4453125,0.4666666666666667,,0.020440382588076497,0.12387655189144389,120,120
stave,B6,tiny_sequence_transformer,,,-9.068305833085706,14.276788201502782,0.38571428571428573,0.375,,-0.041954626691142166,0.09435380490248121,112,112
stave,B8,tiny_sequence_transformer,,,-6.123102864859797,11.013505448839101,0.26,0.13793103448275862,,-0.058426298074182995,0.08299671983894907,116,116
